New_geog_code,geog_l,geog_c,geog_n,All_aged1920&21,All_aged19,All_aged20,All_aged21,All_aged17&18,All_aged17,All_aged18,Act_HE1920&21,Act_HE19,Act_HE20,Act_HE21,Act_HE17&18,Act_HE17,Act_HE18,Act_OE1920&21,Act_OE19,Act_OE20,Act_OE21,Act_OE17&18,Act_OE17,Act_OE18,Act_TE1920&21,Act_TE19,Act_TE20,Act_TE21,Act_TE17&18,Act_TE17,Act_TE18,Act_NEET_ill1920&21,Act_NEET_ill19,Act_NEET_ill20,Act_NEET_ill21,Act_NEET_ill17&18,Act_NEET_ill17,Act_NEET_ill18,Act_NEET_oth1920&21,Act_NEET_oth19,Act_NEET_oth20,Act_NEET_oth21,Act_NEET_oth17&18,Act_NEET_oth17,Act_NEET_oth18,Act_NEET_preg1920&21,Act_NEET_preg19,Act_NEET_preg20,Act_NEET_preg21,Act_NEET_preg17&18,Act_NEET_preg17,Act_NEET_preg18,LA_NoActinf1920&21,LA_NoActinf19,LA_NoActinf20,LA_NoActinf21,LA_NoActinf17&18,LA_NoActinf17,LA_NoActinf18,Acc_SUIT1920&21,Acc_SUIT19,Acc_SUIT20,Acc_SUIT21,Acc_SUIT17&18,Acc_SUIT17,Acc_SUIT18,Acc_P1920&21,Acc_P19,Acc_P20,Acc_P21,Acc_P17&18,Acc_P17,Acc_P18,Acc_CH1920&21,Acc_CH19,Acc_CH20,Acc_CH21,Acc_CH17&18,Acc_CH17,Acc_CH18,Acc_SITA1920&21,Acc_SITA19,Acc_SITA20,Acc_SITA21,Acc_SITA17&18,Acc_SITA17,Acc_SITA18,Acc_SL1920&21,Acc_SL19,Acc_SL20,Acc_SL21,Acc_SL17&18,Acc_SL17,Acc_SL18,Acc_GA1920&21,Acc_GA19,Acc_GA20,Acc_GA21,Acc_GA17&18,Acc_GA17,Acc_GA18,Acc_Dep1920&21,Acc_Dep19,Acc_Dep20,Acc_Dep21,Acc_Dep17&18,Acc_Dep17,Acc_Dep18,Acc_OL1920&21,Acc_OL19,Acc_OL20,Acc_OL21,Acc_OL17&18,Acc_OL17,Acc_OL18,Acc_ResNk1920&21,Acc_ResNk19,Acc_ResNk20,Acc_ResNk21,Acc_ResNk17&18,Acc_ResNk17,Acc_ResNk18,Acc_NFA1920&21,Acc_NFA19,Acc_NFA20,Acc_NFA21,Acc_NFA17&18,Acc_NFA17,Acc_NFA18,Acc_F1920&21,Acc_F19,Acc_F20,Acc_F21,Acc_F17&18,Acc_F17,Acc_F18,Acc_IL1920&21,Acc_IL19,Acc_IL20,Acc_IL21,Acc_IL17&18,Acc_IL17,Acc_IL18,Acc_EA1920&21,Acc_EA19,Acc_EA20,Acc_EA21,Acc_EA17&18,Acc_EA17,Acc_EA18,Acc_BB1920&21,Acc_BB19,Acc_BB20,Acc_BB21,Acc_BB17&18,Acc_BB17,Acc_BB18,Acc_Cust1920&21,Acc_Cust19,Acc_Cust20,Acc_Cust21,Acc_Cust17&18,Acc_Cust17,Acc_Cust18,Acc_FFC1920&21,Acc_FFC19,Acc_FFC20,Acc_FFC21,Acc_FFC17&18,Acc_FFC17,Acc_FFC18,Acc_OTH1920&21,Acc_OTH19,Acc_OTH20,Acc_OTH21,Acc_OTH17&18,Acc_OTH17,Acc_OTH18,LA_NoAccinf1920&21,LA_NoAccinf19,LA_NoAccinf20,LA_NoAccinf21,LA_NoAccinf17&18,LA_NoAccinf17,LA_NoAccinf18
E92000001,NATIONAL,999,ENGLAND,26340,9030,8540,8770,9290,910,8370,1760,520,590,660,260,10,250,4790,2320,1410,1060,3670,280,3390,6420,2000,2160,2270,1720,130,1590,2600,770,920,910,390,20,370,6080,2140,2000,1940,2300,270,2020,1780,540,590,650,370,40,330,2900,760,870,1270,570,160,410,21500,7600,7000,6890,8100,630,7470,3050,1170,1000,880,1310,310,1000,1090,410,350,330,480,30,450,2740,1290,810,640,1820,100,1730,1370,650,440,290,860,70,790,30,10,10,10,10,x,10,40,10,10,20,x,0,x,550,180,180,200,80,x,70,220,70,90,70,60,10,50,260,80,100,80,50,10,40,510,200,180,130,250,10,230,9830,2550,3340,3940,1390,60,1330,80,30,20,30,20,0,20,100,40,30,30,30,x,30,1020,360,350,310,360,90,270,1600,880,440,280,1590,0,1590,1080,390,380,310,440,60,370,2770,720,820,1240,550,160,400
E12000001,REGION,A,NORTH EAST,1220,400,440,380,490,80,410,90,20,40,30,10,x,10,160,70,60,30,170,20,150,310,110,110,90,120,20,100,150,40,60,50,20,0,20,260,90,100,70,110,20,90,120,40,40,40,30,x,20,140,40,40,70,30,10,20,1030,350,380,300,440,60,380,140,40,70,30,80,30,60,30,10,10,x,30,10,30,90,40,30,20,60,10,60,90,40,40,20,70,10,50,0,0,0,0,0,0,0,x,0,0,x,0,0,0,20,x,x,10,x,x,x,10,x,0,x,x,0,x,x,x,x,0,x,x,0,20,10,x,10,10,0,10,520,140,200,190,70,10,60,x,x,0,0,0,0,0,x,x,0,0,0,0,0,30,10,20,10,10,x,10,90,50,30,20,100,0,100,30,10,10,10,20,x,10,140,40,40,70,30,10,20
E12000002,REGION,B,NORTH WEST,3420,1200,1100,1120,1130,130,1000,280,90,80,110,40,x,30,510,250,150,110,390,40,350,860,280,300,280,260,30,230,440,120,170,150,70,x,60,800,290,250,260,290,30,260,290,100,90,100,60,10,50,250,70,70,110,30,10,20,2900,1040,930,930,1010,100,910,610,250,210,160,220,40,180,130,40,50,40,70,x,70,210,100,60,50,170,20,150,190,80,50,50,90,10,80,x,x,x,x,0,0,0,x,0,0,x,0,0,0,140,60,40,50,20,0,20,20,10,10,10,x,0,x,30,10,10,10,x,x,x,50,20,20,10,20,x,20,1220,300,410,520,170,10,160,10,x,10,x,x,0,x,x,0,x,0,0,0,0,160,60,50,50,60,10,40,280,160,70,50,190,0,190,120,50,40,30,80,10,70,240,70,70,110,30,10,20
E12000003,REGION,C,YORKSHIRE AND THE HUMBER,2130,720,710,690,740,70,670,130,40,40,50,10,x,10,340,180,90,70,280,20,260,640,200,220,230,170,10,160,230,70,90,80,40,x,40,430,140,160,120,150,30,120,170,40,60,70,40,x,30,190,60,50,80,50,10,40,1790,610,600,570,660,60,600,290,100,100,90,100,30,80,100,40,40,20,50,x,40,140,70,40,30,110,10,100,90,50,30,20,90,10,80,x,x,x,x,0,0,0,0,0,0,0,0,0,0,40,10,10,20,10,0,10,10,x,10,x,x,x,x,10,0,x,x,x,0,x,20,10,10,x,10,x,x,870,220,310,340,160,10,150,10,x,x,x,x,0,x,x,x,x,0,0,0,0,110,40,30,30,20,x,20,170,90,50,30,120,0,120,90,30,30,20,30,x,20,190,60,50,80,50,10,40
E12000004,REGION,D,EAST MIDLANDS,1880,640,590,660,620,60,560,80,30,30,20,30,x,30,300,140,80,80,210,20,190,520,170,150,190,140,10,140,230,70,90,80,30,x,30,510,160,150,200,140,10,130,100,20,40,40,20,x,20,150,50,50,50,30,10,20,1590,540,500,550,540,40,510,190,70,60,60,70,20,50,100,30,40,30,60,x,50,110,60,30,20,130,10,120,110,50,30,30,90,10,80,x,0,0,x,0,0,0,0,0,0,0,0,0,0,30,10,10,10,10,x,x,10,x,x,x,x,0,x,10,x,x,x,x,0,x,20,10,x,10,10,0,10,870,250,280,340,100,x,100,x,x,0,x,0,0,0,10,x,x,x,0,0,0,80,30,20,30,30,10,20,80,40,20,20,60,0,60,120,40,30,40,30,x,30,140,50,50,40,40,10,20
E12000005,REGION,E,WEST MIDLANDS,3020,1010,1020,990,1060,100,960,190,60,70,60,30,x,30,500,230,150,120,390,30,360,720,240,230,250,190,20,170,270,90,90,80,40,0,40,740,240,260,230,320,30,290,210,70,80,60,50,x,50,410,80,130,200,50,30,20,2400,850,820,740,950,70,880,360,150,110,100,170,30,150,120,50,40,40,40,x,40,170,70,50,40,190,10,180,80,40,30,10,50,10,40,x,0,0,x,0,0,0,x,0,0,x,0,0,0,20,10,10,10,x,0,x,20,x,10,x,x,0,x,30,10,10,10,x,x,x,50,20,20,10,30,x,30,1260,370,460,440,240,10,230,10,10,x,x,x,0,x,10,x,x,x,10,0,10,120,50,40,40,30,10,20,180,100,60,30,170,0,170,190,70,60,60,70,10,60,410,80,130,200,50,30,20
E12000006,REGION,F,EAST OF ENGLAND,2700,940,860,900,980,90,880,190,60,60,70,20,0,20,480,250,140,100,410,30,380,630,200,200,220,180,10,170,270,80,100,90,30,x,30,690,240,250,200,270,40,230,170,60,50,60,30,10,20,270,50,60,150,30,x,30,2180,800,710,670,870,70,800,310,130,90,80,150,40,100,150,60,40,50,50,x,50,210,100,60,60,190,10,180,130,70,40,20,60,x,60,x,0,x,x,0,0,0,0,0,0,0,0,0,0,70,10,30,30,10,0,10,20,x,10,10,x,x,x,50,20,20,20,10,x,10,70,30,30,10,40,x,30,970,260,350,360,110,x,110,10,x,x,x,x,0,x,10,x,x,x,10,0,10,90,30,30,30,40,10,30,160,100,30,30,200,0,200,180,70,70,40,70,10,60,270,50,60,150,30,x,30
E12000007,REGION,G,LONDON,5650,2010,1770,1880,2030,180,1850,520,150,170,200,90,x,80,1380,630,420,330,900,60,840,1140,340,380,430,270,20,260,280,80,80,120,50,x,40,1370,510,410,440,470,50,420,290,100,90,100,80,x,80,680,200,210,260,170,40,130,4560,1660,1400,1500,1680,100,1580,400,160,120,130,200,60,140,140,50,40,50,70,10,60,1260,590,370,300,640,20,620,250,120,80,50,120,x,120,10,x,x,x,x,x,x,20,x,10,10,x,0,x,90,20,30,30,x,0,x,60,20,20,20,30,x,20,40,10,10,20,10,0,10,80,30,20,30,20,x,20,1870,470,600,800,280,x,270,10,x,x,10,x,0,x,30,10,10,10,x,0,x,260,90,100,60,120,40,90,330,180,80,70,310,0,310,160,50,60,50,50,10,50,640,190,200,250,160,40,120
E12000007,REGION,H,INNER LONDON,2440,870,760,810,890,70,820,280,90,90,100,40,x,40,490,230,150,110,390,20,360,510,160,160,200,140,10,130,110,30,40,40,20,x,20,680,240,210,230,200,20,180,110,30,40,40,30,x,30,250,80,80,90,70,20,50,1980,710,600,660,720,30,690,200,80,60,60,80,20,60,60,20,20,20,20,x,20,660,310,200,160,310,10,310,80,40,20,20,50,x,50,x,0,x,0,x,x,x,10,x,10,x,0,0,0,30,10,10,20,x,0,x,30,10,10,10,20,x,10,10,0,x,10,0,0,0,50,20,10,10,10,x,10,700,140,220,340,70,x,70,10,x,x,x,x,0,x,10,x,x,0,x,0,x,150,50,60,40,70,20,50,150,90,40,20,170,0,170,70,20,30,20,30,x,30,230,70,70,90,70,20,50
E12000007,REGION,I,OUTER LONDON,3210,1140,1010,1070,1140,100,1030,240,60,90,90,50,x,50,890,400,270,220,510,40,480,630,180,220,230,140,10,130,170,50,40,80,30,x,20,680,270,200,220,270,30,240,180,60,50,60,50,x,50,430,120,140,170,100,20,80,2570,940,800,830,960,70,890,210,70,60,70,120,40,80,90,40,20,30,50,10,40,600,290,170,150,330,10,320,160,80,50,30,80,x,80,x,x,x,x,x,x,x,10,x,x,10,x,0,x,50,20,20,20,x,0,x,30,20,10,10,10,x,10,30,10,10,10,10,0,10,40,10,10,10,10,x,10,1170,320,380,470,210,x,210,10,0,x,x,x,0,x,20,10,10,10,x,0,x,110,40,50,30,50,10,40,180,100,40,40,140,0,140,90,30,30,30,20,x,20,410,110,140,160,90,20,70
E12000008,REGION,J,SOUTH EAST,3750,1280,1200,1280,1390,130,1260,180,50,60,70,10,0,10,690,360,200,130,590,40,550,890,260,310,320,210,10,200,400,110,130,150,60,x,50,730,270,230,230,330,40,290,260,80,80,100,40,10,30,610,160,180,270,150,40,110,2840,1010,920,910,1160,80,1080,420,160,130,130,180,50,130,180,70,50,60,60,x,60,330,150,110,60,220,x,220,290,140,100,60,190,10,180,10,x,10,x,x,0,x,10,x,x,x,0,0,0,90,40,30,20,20,x,20,60,20,20,20,10,x,10,50,20,30,10,10,0,10,120,40,40,30,60,x,60,1180,310,370,500,170,10,160,20,10,x,10,x,0,x,30,10,x,10,10,x,10,130,40,40,50,40,10,30,160,70,60,20,230,0,230,130,50,50,40,40,10,40,550,140,160,260,140,40,100
E12000009,REGION,K,SOUTH WEST,2570,850,850,870,860,70,790,120,30,30,60,10,x,10,430,210,130,90,330,20,310,740,210,270,260,180,20,160,350,120,130,110,60,x,60,550,200,170,180,220,20,200,190,40,60,90,40,x,30,200,50,60,90,30,10,20,2210,760,730,730,790,60,730,320,120,100,100,140,30,110,130,50,50,40,50,x,50,220,100,70,50,120,10,110,160,80,50,30,110,10,90,x,0,x,0,0,0,0,x,0,x,0,0,0,0,50,20,20,20,x,0,x,10,x,10,x,x,0,x,30,10,10,10,10,x,10,80,40,30,10,50,0,50,1050,250,350,450,90,10,80,10,x,x,x,x,0,x,10,x,x,x,x,0,x,60,10,20,20,20,x,10,170,100,40,20,200,0,200,80,30,30,20,40,10,30,200,50,60,90,30,10,20
E09000001,LA,201,City of London,6,x,x,x,x,0,x,x,0,0,x,0,0,0,x,x,x,x,x,0,x,0,0,0,0,0,0,0,0,0,0,0,0,0,0,x,0,0,x,x,0,x,0,0,0,0,0,0,0,0,0,0,0,0,0,0,6,x,x,x,x,0,x,0,0,0,0,0,0,0,0,0,0,0,0,0,0,x,x,x,x,x,0,x,0,0,0,0,0,0,0,0,0,0,0,0,0,0,0,0,0,0,0,0,0,0,0,0,0,0,0,0,0,0,0,0,0,0,0,0,0,0,0,0,0,0,0,0,0,0,0,0,0,x,0,0,x,0,0,0,0,0,0,0,0,0,0,0,0,0,0,0,0,0,0,0,0,0,0,0,0,0,0,0,0,x,0,x,0,0,0,0,0,0,0,0,0,0,0,0,0,0
E09000007,LA,202,Camden,155,53,42,60,45,0,45,16,x,x,8,x,0,x,30,15,9,6,19,0,19,40,10,13,17,8,0,8,13,x,x,6,x,0,x,29,10,7,12,12,0,12,7,x,x,x,x,0,x,20,x,6,9,x,0,x,123,47,31,45,37,0,37,9,x,x,x,x,0,x,7,x,x,x,x,0,x,65,25,19,21,18,0,18,11,x,0,x,x,0,x,0,0,0,0,0,0,0,0,0,0,0,0,0,0,x,0,x,x,0,0,0,0,0,0,0,0,0,0,0,0,0,0,0,0,0,6,x,x,x,0,0,0,17,x,x,12,x,0,x,0,0,0,0,0,0,0,0,0,0,0,0,0,0,12,x,x,6,7,0,7,0,0,0,0,0,0,0,x,x,x,x,7,0,7,20,x,6,9,x,0,x
E09000011,LA,203,Greenwich,214,74,63,77,67,7,60,23,6,10,7,0,0,0,58,27,18,13,36,x,x,41,10,12,19,9,0,9,15,x,x,6,x,0,x,41,17,9,15,16,x,x,17,8,x,x,0,0,0,19,x,6,12,x,0,x,181,70,50,61,57,x,x,16,x,x,8,9,x,x,8,x,x,0,x,0,x,60,31,16,13,24,x,x,x,0,0,x,x,0,x,0,0,0,0,0,0,0,x,0,0,x,0,0,0,0,0,0,0,0,0,0,0,0,0,0,0,0,0,0,0,0,0,0,0,0,x,0,x,x,0,0,0,63,16,21,26,x,0,x,0,0,0,0,0,0,0,0,0,0,0,0,0,0,13,x,7,x,8,x,x,21,10,x,x,11,0,11,7,x,0,x,x,x,x,19,x,6,12,x,0,x
E09000012,LA,204,Hackney,173,70,44,59,67,x,x,18,x,x,9,x,0,x,40,23,9,8,34,x,x,54,21,10,23,20,0,20,x,x,0,x,x,0,x,29,10,11,8,x,0,9,x,x,x,x,x,x,0,20,6,6,8,0,0,0,138,59,31,48,58,x,x,16,6,x,x,x,0,x,x,x,x,0,x,0,x,67,39,15,13,33,x,x,x,x,x,x,0,0,0,0,0,0,0,x,0,x,x,x,0,0,0,0,0,0,0,0,0,0,0,0,0,0,0,0,0,0,0,x,0,0,x,0,0,0,x,x,0,0,0,0,0,30,x,x,24,0,0,0,0,0,0,0,0,0,0,0,0,0,0,0,0,0,12,x,7,x,8,x,x,10,x,x,x,17,0,17,8,x,x,x,x,0,x,20,6,6,8,0,0,0
E09000013,LA,205,Hammersmith and Fulham,127,40,52,35,49,8,41,11,x,x,x,x,x,x,31,15,10,6,19,x,x,24,x,x,10,x,0,x,x,0,x,x,0,0,0,38,15,14,9,19,x,x,x,x,x,x,x,0,x,13,x,9,x,x,x,0,99,30,38,31,41,x,x,9,x,x,x,x,x,x,0,0,0,0,0,0,0,47,16,22,9,21,0,21,x,x,x,0,0,0,0,0,0,0,0,0,0,0,6,x,x,0,0,0,0,0,0,0,0,0,0,0,x,0,x,0,x,0,x,0,0,0,0,0,0,0,0,0,0,0,0,0,0,30,x,x,17,x,0,x,0,0,0,0,0,0,0,x,x,x,0,0,0,0,10,x,x,x,x,x,x,7,x,x,0,8,0,8,x,0,x,x,x,x,x,8,x,x,x,x,x,0
E09000019,LA,206,Islington,197,69,54,74,107,8,99,18,x,x,10,x,0,x,52,24,14,14,44,x,x,47,12,14,21,20,0,20,20,x,x,11,x,x,x,51,22,15,14,27,x,x,x,x,0,x,7,0,7,x,0,x,x,x,x,x,179,59,49,71,93,x,x,21,13,x,x,9,x,x,x,0,x,x,x,0,x,37,18,8,11,40,x,x,11,6,x,x,x,0,x,x,0,x,0,0,0,0,0,0,0,0,0,0,0,11,x,x,8,0,0,0,x,x,x,0,x,x,x,x,0,0,x,0,0,0,0,0,0,0,0,0,0,78,15,27,36,x,0,x,x,x,0,x,0,0,0,0,0,0,0,0,0,0,11,x,x,0,10,x,x,13,x,x,x,27,0,27,x,0,0,x,9,x,x,x,0,0,x,x,0,x
E09000020,LA,207,Kensington and Chelsea,101,26,35,40,43,x,x,15,x,x,6,x,0,x,34,7,14,13,22,x,x,9,0,x,x,x,0,x,x,x,0,x,0,0,0,23,10,x,x,11,0,11,x,0,x,x,x,0,x,14,x,x,6,x,0,x,79,21,28,30,36,x,x,x,x,0,x,x,x,x,x,x,0,0,0,0,0,49,13,18,18,16,0,16,x,x,0,x,x,0,x,0,0,0,0,0,0,0,0,0,0,0,0,0,0,x,0,x,x,0,0,0,x,0,0,x,0,0,0,0,0,0,0,0,0,0,0,0,0,0,x,0,x,10,x,x,x,0,0,0,0,0,0,0,0,0,0,x,0,x,0,x,0,x,x,x,x,x,x,0,x,7,x,x,0,14,0,14,x,0,0,x,x,0,x,14,x,x,6,x,0,x
E09000022,LA,208,Lambeth,285,103,94,88,61,x,x,43,22,13,8,6,x,x,33,6,11,16,15,0,15,50,15,20,15,7,0,7,10,x,x,x,x,0,x,135,49,41,45,27,x,x,0,0,0,0,0,0,0,14,8,x,x,x,x,x,235,78,81,76,53,x,x,20,x,9,x,7,0,7,x,x,x,x,x,0,x,54,23,21,10,22,x,x,6,x,x,x,0,0,0,0,0,0,0,0,0,0,0,0,0,0,0,0,0,x,x,x,0,0,0,0,0,0,0,0,0,0,0,0,0,0,0,0,0,0,x,x,0,x,6,x,x,119,31,35,53,7,0,7,0,0,0,0,0,0,0,0,0,0,0,0,0,0,31,14,8,9,x,x,x,16,7,x,x,8,0,8,14,x,6,x,x,0,x,14,8,x,x,x,x,x
E09000023,LA,209,Lewisham,241,81,76,84,93,13,80,27,13,8,6,x,0,x,41,16,15,10,32,x,x,50,17,15,18,21,x,x,8,x,x,x,x,0,x,53,16,17,20,20,x,x,16,x,7,x,x,0,x,46,14,9,23,12,x,7,186,66,60,60,68,x,x,14,x,x,x,x,x,x,x,0,x,0,x,0,x,55,25,17,13,19,x,x,10,x,x,x,x,0,x,0,0,0,0,0,0,0,x,0,x,0,0,0,0,x,0,x,0,0,0,0,x,0,x,x,0,0,0,0,0,0,0,0,0,0,x,0,0,x,0,0,0,84,23,26,35,23,x,x,0,0,0,0,0,0,0,0,0,0,0,0,0,0,x,0,x,0,12,x,x,19,12,x,x,20,0,20,x,0,x,0,0,0,0,46,14,9,23,12,x,7
E09000028,LA,210,Southwark,285,97,78,110,104,9,95,29,x,x,17,x,0,x,53,23,16,14,50,6,44,64,22,19,23,27,x,x,9,x,x,x,x,0,x,80,23,22,35,18,0,18,13,7,x,x,x,0,x,37,9,14,14,x,x,x,226,82,55,89,93,x,x,27,11,8,8,14,x,x,6,x,x,x,x,0,x,47,27,7,13,35,0,35,x,x,x,x,x,x,x,0,0,0,0,0,0,0,x,0,0,x,0,0,0,x,x,0,0,0,0,0,x,0,x,0,0,0,0,x,0,x,x,0,0,0,16,x,x,7,0,0,0,92,14,26,52,9,0,9,0,0,0,0,x,0,x,0,0,0,0,0,0,0,21,7,8,6,7,x,x,29,19,x,x,28,0,28,x,0,0,x,x,0,x,34,8,13,13,x,x,x
E09000030,LA,211,Tower Hamlets,183,76,64,43,79,7,72,x,x,8,x,7,0,7,36,22,x,x,38,x,x,56,24,18,14,x,0,x,x,x,0,x,x,0,x,49,19,17,13,18,x,x,23,x,12,x,9,x,x,0,0,0,0,0,0,0,156,66,54,36,62,x,x,31,10,12,9,7,x,x,7,x,x,x,10,x,x,59,32,19,8,19,0,19,x,x,0,x,x,0,x,0,0,0,0,x,x,x,x,x,x,x,0,0,0,0,0,0,0,0,0,0,14,x,6,x,8,x,x,0,0,0,0,0,0,0,7,x,x,0,x,0,x,37,9,13,15,10,0,10,x,0,x,0,0,0,0,x,x,0,0,0,0,0,8,x,x,x,6,x,x,7,x,x,x,13,0,13,x,x,x,0,x,0,x,0,0,0,0,0,0,0
E09000032,LA,212,Wandsworth,107,46,36,25,51,6,45,x,0,x,x,x,0,x,26,13,x,x,11,0,11,15,x,6,x,x,0,x,13,x,6,x,x,0,x,41,20,8,13,10,x,x,0,0,0,0,0,0,0,x,x,x,x,24,x,19,88,36,31,21,21,0,21,9,x,x,x,x,0,x,7,x,x,x,0,0,0,13,x,x,0,10,0,10,x,x,0,0,x,0,x,0,0,0,0,0,0,0,0,0,0,0,0,0,0,0,0,0,0,0,0,0,0,0,0,0,0,0,0,0,0,0,0,0,0,0,6,x,x,x,x,0,x,52,14,19,19,x,0,x,0,0,0,0,0,0,0,x,x,x,0,x,0,x,x,x,x,x,x,x,x,x,x,x,0,x,0,x,x,x,x,0,0,0,0,x,x,x,x,24,x,19
E09000033,LA,213,Westminster,117,35,43,39,48,6,42,12,x,x,6,x,0,x,25,14,x,x,19,x,x,19,x,x,9,x,x,x,x,x,x,x,x,0,x,38,9,17,12,10,x,x,x,0,0,x,x,0,x,17,7,x,6,x,0,x,93,29,31,33,42,x,x,16,x,6,x,10,x,x,x,0,x,0,0,0,0,30,14,8,8,16,x,x,11,x,x,0,6,0,6,0,0,0,0,0,0,0,0,0,0,0,0,0,0,x,0,x,x,x,0,x,8,x,x,x,x,0,x,x,0,x,x,0,0,0,0,0,0,0,0,0,0,22,x,x,15,x,0,x,0,0,0,0,0,0,0,0,0,0,0,0,0,0,8,x,x,0,x,x,x,8,x,x,x,7,0,7,x,0,x,0,0,0,0,6,x,x,x,x,0,x
E09000002,LA,301,Barking and Dagenham,171,53,66,52,56,8,48,6,0,x,x,0,0,0,70,23,26,21,30,x,x,7,0,x,x,x,0,x,0,0,0,0,0,0,0,41,17,9,15,17,6,11,8,x,x,x,x,0,x,39,11,19,9,x,0,x,125,38,46,41,49,6,43,17,x,7,x,12,x,x,0,0,0,0,0,0,0,0,0,0,0,x,x,x,48,20,17,11,21,0,21,0,0,0,0,0,0,0,0,0,0,0,0,0,0,0,0,0,0,0,0,0,0,0,0,0,0,0,0,0,0,0,0,0,0,0,x,x,x,x,0,0,0,38,x,x,21,x,x,x,0,0,0,0,0,0,0,0,0,0,0,0,0,0,x,x,x,x,x,x,x,17,7,x,x,11,0,11,x,0,x,0,0,0,0,39,11,19,9,x,0,x
E09000003,LA,302,Barnet,164,65,53,46,29,x,x,15,9,6,0,0,0,0,37,19,x,x,9,x,x,25,x,12,x,x,x,x,7,x,x,x,0,0,0,46,15,13,18,11,0,11,9,x,x,x,0,0,0,25,11,7,7,x,x,x,133,52,44,37,24,x,x,x,x,0,x,x,x,x,x,x,x,0,x,0,x,12,6,x,x,6,x,x,8,x,x,0,0,0,0,0,0,0,0,0,0,0,0,0,0,0,0,0,0,x,x,x,0,x,0,x,0,0,0,0,0,0,0,x,0,x,x,0,0,0,0,0,0,0,x,0,x,92,32,30,30,7,0,7,x,0,x,x,0,0,0,0,0,0,0,0,0,0,x,x,0,0,0,0,0,x,x,x,0,x,0,x,6,x,x,x,x,x,x,25,11,7,7,x,x,x
E09000004,LA,303,Bexley,114,40,39,35,39,x,x,7,0,x,x,0,0,0,22,11,x,x,21,x,x,36,11,12,13,10,x,x,11,x,x,x,0,0,0,15,x,7,x,x,0,x,13,x,6,x,x,0,x,10,x,x,x,x,0,x,98,34,33,31,35,x,x,10,x,x,6,x,x,x,6,x,x,x,x,0,x,x,x,x,0,6,0,6,x,x,0,0,x,0,x,0,0,0,0,0,0,0,0,0,0,0,0,0,0,0,0,0,0,0,0,0,x,0,x,0,0,0,0,x,0,0,x,0,0,0,0,0,0,0,0,0,0,68,21,26,21,15,0,15,x,0,x,0,0,0,0,0,0,0,0,0,0,0,x,x,0,0,x,x,0,x,x,0,x,6,0,6,6,x,x,x,0,0,0,10,x,x,x,x,0,x
E09000005,LA,304,Brent,201,74,61,66,78,7,71,23,6,7,10,x,0,x,39,23,6,10,45,x,x,49,11,22,16,x,x,x,15,x,x,9,x,0,x,45,20,12,13,18,x,x,7,x,x,0,x,0,x,23,9,6,8,x,0,x,165,60,48,57,73,6,67,13,x,x,0,11,x,x,7,x,x,x,x,x,x,24,12,x,x,34,x,x,x,x,0,x,0,0,0,x,0,0,x,0,0,0,x,0,x,x,0,0,0,0,0,0,0,0,0,0,x,x,0,x,x,0,x,x,x,x,x,0,0,0,x,x,0,x,0,0,0,103,24,38,41,7,0,7,0,0,0,0,0,0,0,0,0,0,0,0,0,0,12,x,6,x,x,x,x,11,x,x,x,19,0,19,x,x,0,0,0,0,0,15,6,x,x,x,0,x
E09000006,LA,305,Bromley,166,54,57,55,47,6,41,x,x,x,x,x,0,x,32,19,x,x,19,x,x,33,9,13,11,7,0,7,21,x,x,10,x,0,x,32,11,13,8,10,x,x,x,x,x,8,x,x,x,28,x,11,13,x,x,x,117,42,41,34,40,x,x,16,x,7,x,12,x,x,10,x,x,x,x,x,x,22,13,x,x,10,0,10,15,x,10,x,x,0,x,0,0,0,0,0,0,0,0,0,0,0,0,0,0,0,0,0,0,0,0,0,0,0,0,0,0,0,0,x,x,0,0,0,0,0,x,0,0,x,0,0,0,48,10,15,23,0,0,0,0,0,0,0,0,0,0,12,x,6,x,x,0,x,x,x,0,0,0,0,0,x,x,0,0,9,0,9,6,x,x,x,x,x,x,28,x,11,13,x,x,x
E09000008,LA,306,Croydon,578,196,179,203,218,13,205,38,x,x,18,x,0,6,217,87,70,60,109,x,x,90,23,28,39,19,0,19,13,x,x,7,x,0,x,83,32,21,30,24,x,x,32,18,7,7,7,0,7,105,29,34,42,51,10,41,440,153,138,149,150,x,x,20,7,6,7,x,0,x,8,x,x,x,x,0,x,8,x,x,x,x,0,x,12,x,6,x,x,0,x,x,x,x,0,0,0,0,x,0,0,x,0,0,0,x,x,0,x,x,0,x,6,x,x,x,x,x,x,7,x,x,x,x,0,x,x,0,0,x,x,0,x,361,120,115,126,122,x,x,x,0,0,x,x,0,x,x,0,0,x,0,0,0,14,7,x,x,7,x,x,23,12,x,x,14,0,14,7,x,x,x,0,0,0,103,29,33,41,50,10,40
E09000009,LA,307,Ealing,197,67,57,73,58,6,52,13,x,x,8,x,0,x,57,22,19,16,37,x,x,54,16,17,21,x,0,x,14,x,x,6,0,0,0,36,14,8,14,10,x,x,12,x,x,6,x,0,x,11,x,x,x,0,0,0,165,59,41,65,56,6,50,26,8,10,8,10,x,x,x,x,x,x,x,x,x,72,40,17,15,29,x,x,x,x,x,x,x,0,x,0,0,0,0,0,0,0,0,0,0,0,0,0,0,0,0,0,0,0,0,0,7,x,x,0,0,0,0,0,0,0,0,0,0,0,x,x,x,x,0,0,0,40,x,x,31,x,0,x,0,0,0,0,0,0,0,0,0,0,0,x,0,x,18,x,8,x,x,0,x,9,x,x,x,x,0,x,7,x,0,x,7,0,7,7,0,x,x,0,0,0
E09000010,LA,308,Enfield,145,49,48,48,87,7,80,14,x,x,6,x,0,x,37,17,14,6,31,x,x,18,x,x,7,14,x,x,x,x,x,x,x,0,x,48,17,13,18,27,x,x,x,x,x,x,x,0,x,14,x,x,6,x,x,x,121,40,41,40,75,x,x,11,x,x,x,8,x,x,6,x,x,x,6,x,x,38,19,8,11,40,x,x,6,x,x,0,x,0,x,0,0,0,0,0,0,0,0,0,0,0,0,0,0,x,x,0,0,0,0,0,x,x,0,0,0,0,0,x,x,0,0,0,0,0,0,0,0,0,0,0,0,44,9,17,18,x,0,x,0,0,0,0,0,0,0,0,0,0,0,0,0,0,x,x,x,x,6,x,x,14,x,x,6,10,0,10,x,0,x,0,x,0,x,14,x,x,6,x,x,x
E09000014,LA,309,Haringey,241,90,78,73,35,x,x,31,10,15,6,0,0,0,40,21,13,6,19,0,19,42,16,12,14,x,0,x,10,x,x,x,0,0,0,62,24,19,19,10,x,x,10,x,x,7,0,0,0,46,17,12,17,x,0,x,178,67,62,49,25,0,25,17,8,x,x,0,0,0,7,x,x,x,0,0,0,45,24,14,7,16,0,16,9,x,x,x,x,0,x,0,0,0,0,0,0,0,0,0,0,0,0,0,0,x,0,x,x,0,0,0,x,x,0,x,0,0,0,x,0,x,x,0,0,0,x,x,0,x,0,0,0,64,13,29,22,x,0,x,x,x,0,x,0,0,0,0,0,0,0,0,0,0,13,x,x,x,x,x,x,10,7,x,x,6,0,6,17,x,7,x,0,0,0,46,17,12,17,x,0,x
E09000015,LA,310,Harrow,117,38,30,49,35,0,35,14,x,x,x,18,0,18,31,x,x,14,x,0,x,36,6,14,16,6,0,6,10,x,x,x,0,0,0,19,9,x,x,x,0,x,x,x,0,0,0,0,0,6,x,0,x,0,0,0,108,35,28,45,31,0,31,7,x,x,x,x,0,x,x,0,x,0,x,0,x,26,14,x,x,17,0,17,12,x,x,6,x,0,x,0,0,0,0,0,0,0,0,0,0,0,x,0,x,x,x,x,x,0,0,0,0,0,0,0,0,0,0,0,0,0,0,0,0,0,x,x,0,x,0,0,0,38,x,x,22,6,0,6,0,0,0,0,0,0,0,0,0,0,0,0,0,0,x,x,x,0,x,0,x,6,x,x,0,x,0,x,9,x,x,x,0,0,0,x,x,0,x,0,0,0
E09000016,LA,311,Havering,82,38,22,22,52,x,x,x,x,x,x,x,x,x,17,8,x,x,20,0,20,27,12,7,8,x,0,x,10,x,x,x,x,0,x,13,6,x,x,11,x,x,8,x,0,x,6,0,6,x,x,0,x,x,0,x,71,35,19,17,44,x,x,x,x,0,x,x,x,x,x,x,0,x,x,0,x,11,x,x,0,25,x,x,x,x,x,x,0,0,0,0,0,0,0,0,0,0,x,0,x,0,0,0,0,0,0,0,0,0,0,0,x,0,0,x,0,0,0,x,x,x,0,x,0,x,0,0,0,0,0,0,0,43,19,11,13,x,0,x,0,0,0,0,0,0,0,0,0,0,0,0,0,0,x,x,x,x,x,0,x,x,x,0,x,8,0,8,0,0,0,0,x,x,x,x,x,0,x,x,0,x
E09000017,LA,312,Hillingdon,280,119,85,76,75,9,66,22,x,x,10,0,0,0,90,49,26,15,37,x,x,45,16,12,17,10,x,x,7,x,x,x,0,0,0,68,31,21,16,19,x,x,10,x,x,x,x,0,x,38,14,11,13,x,x,x,228,97,69,62,65,x,x,15,7,x,x,11,x,x,x,0,0,x,x,0,x,32,15,7,10,11,0,11,14,10,x,x,7,0,7,0,0,0,0,0,0,0,0,0,0,0,0,0,0,15,x,9,x,x,0,x,x,x,x,0,x,0,x,x,x,0,0,0,0,0,x,x,x,0,x,0,x,119,49,36,34,19,0,19,0,0,0,0,0,0,0,0,0,0,0,0,0,0,9,x,x,x,x,x,0,11,6,x,x,9,0,9,16,x,7,x,x,0,x,37,13,11,13,x,x,x
E09000018,LA,313,Hounslow,186,65,58,63,75,7,68,x,x,x,x,x,x,x,45,23,11,11,22,x,x,27,7,11,9,16,0,16,x,x,x,x,x,0,x,45,17,13,15,24,x,x,8,x,x,x,x,0,x,50,15,17,18,x,x,x,120,46,37,37,68,x,x,11,x,x,x,10,x,x,0,0,0,0,x,0,x,74,34,28,12,33,x,x,8,x,0,x,13,0,13,0,0,0,0,0,0,0,0,0,0,0,0,0,0,x,x,0,x,0,0,0,x,0,0,x,0,0,0,x,0,x,x,x,0,x,0,0,0,0,0,0,0,20,x,x,15,x,0,x,0,0,0,0,0,0,0,x,x,x,x,0,0,0,x,x,x,0,x,0,x,0,0,0,0,7,0,7,x,0,x,0,x,0,x,50,15,17,18,x,x,x
E09000021,LA,314,Kingston upon Thames,83,29,22,32,31,x,x,x,x,x,x,0,0,0,23,9,7,7,21,x,x,13,x,x,x,0,0,0,x,0,0,x,0,0,0,18,9,x,x,x,x,x,x,x,0,0,x,0,x,18,x,x,9,x,x,0,60,24,14,22,29,x,x,7,x,x,x,x,x,x,6,x,0,x,x,x,x,18,9,x,x,13,x,x,9,6,x,x,x,0,x,x,0,0,x,0,0,0,0,0,0,0,0,0,0,0,0,0,0,0,0,0,0,0,0,0,0,0,0,0,0,0,0,0,0,0,0,0,0,0,0,0,0,12,x,x,9,0,0,0,x,0,x,0,0,0,0,x,x,0,0,0,0,0,x,0,x,0,x,0,x,x,x,x,x,x,0,x,x,0,x,x,0,0,0,18,x,x,9,x,x,0
E09000024,LA,315,Merton,103,43,33,27,46,x,x,x,x,x,x,x,0,x,19,11,x,x,27,x,x,33,11,15,7,x,0,x,8,x,x,x,0,0,0,21,10,x,x,12,x,x,x,x,x,x,x,0,x,10,x,x,8,x,0,x,85,38,28,19,41,x,x,9,x,x,x,6,0,6,x,x,0,0,x,0,x,42,24,10,8,24,0,24,x,x,x,0,x,0,x,0,0,0,0,x,0,x,x,x,0,x,0,0,0,x,x,0,0,0,0,0,x,x,x,0,0,0,0,x,x,0,0,0,0,0,0,0,0,0,0,0,0,20,x,11,x,x,x,0,0,0,0,0,0,0,0,0,0,0,0,0,0,0,x,0,x,0,x,x,x,x,x,0,x,x,0,x,x,x,x,x,x,0,x,x,0,0,x,0,0,0
E09000025,LA,316,Newham,219,79,61,79,106,8,98,39,12,11,16,x,0,7,46,28,8,10,65,x,x,43,12,6,25,12,0,12,9,x,x,x,x,0,x,53,16,20,17,7,x,x,16,x,8,x,x,0,x,13,x,x,x,10,x,7,196,72,52,72,93,x,x,6,x,x,x,6,x,x,8,x,x,x,x,0,x,89,39,25,25,46,x,x,6,x,x,0,18,0,18,0,0,0,0,0,0,0,0,0,0,0,0,0,0,x,x,x,x,0,0,0,0,0,0,0,0,0,0,0,0,0,0,0,0,0,x,0,x,0,0,0,0,62,13,17,32,x,0,x,x,0,0,x,0,0,0,0,0,0,0,0,0,0,10,x,x,x,x,x,x,17,11,x,x,17,0,17,x,0,x,x,0,0,0,13,x,x,x,10,x,7
E09000026,LA,317,Redbridge,117,39,35,43,50,x,x,12,x,6,x,x,0,x,26,15,x,x,19,0,19,25,6,8,11,x,x,x,x,x,x,x,0,0,0,47,13,15,19,24,x,x,x,x,x,0,x,0,x,0,0,0,0,0,0,0,114,38,34,42,40,x,x,8,x,x,x,x,x,x,x,x,0,0,x,x,x,90,29,28,33,22,x,x,x,x,0,x,9,0,9,0,0,0,0,0,0,0,0,0,0,0,0,0,0,0,0,0,0,0,0,0,x,x,0,0,x,0,x,0,0,0,0,0,0,0,0,0,0,0,0,0,0,x,0,0,x,0,0,0,x,0,0,x,0,0,0,0,0,0,0,0,0,0,0,0,0,0,x,x,x,6,x,x,0,x,0,x,x,0,x,0,0,0,0,0,0,0,0,0,0,0
E09000027,LA,318,Richmond upon Thames,48,19,14,15,24,x,x,x,x,x,x,0,0,0,8,x,x,x,x,x,x,12,x,x,x,x,0,x,6,x,x,x,x,x,x,10,x,x,x,10,x,x,x,x,x,x,x,0,x,x,0,0,x,0,0,0,43,18,13,12,22,x,x,x,x,0,0,x,x,x,6,x,x,x,x,0,x,9,6,x,x,10,0,10,x,x,x,0,x,0,x,x,x,0,0,x,x,0,0,0,0,0,0,0,0,0,0,0,0,0,0,0,0,0,0,0,0,0,0,x,0,0,x,0,0,0,0,0,0,0,0,0,0,19,x,9,x,x,0,x,0,0,0,0,0,0,0,0,0,0,0,0,0,0,x,0,x,0,0,0,0,x,x,0,x,x,0,x,0,0,0,0,x,0,x,x,0,0,x,0,0,0
E09000029,LA,319,Sutton,80,23,28,29,9,x,x,x,x,x,x,0,0,0,9,x,x,x,x,0,x,18,8,x,x,x,0,x,7,x,x,x,x,0,x,17,x,7,x,x,0,x,x,0,x,x,x,0,x,21,x,6,10,x,x,0,54,17,22,15,7,0,7,x,x,x,x,x,0,x,0,0,0,0,x,0,x,10,6,x,x,0,0,0,x,0,0,x,0,0,0,0,0,0,0,0,0,0,0,0,0,0,0,0,0,19,x,9,x,0,0,0,0,0,0,0,0,0,0,x,0,x,x,0,0,0,x,0,x,0,0,0,0,8,x,x,x,x,0,x,x,0,0,x,0,0,0,x,x,0,0,x,0,x,x,x,0,x,0,0,0,6,x,x,x,x,0,x,x,x,x,0,0,0,0,20,x,6,11,x,x,0
E09000031,LA,320,Waltham Forest,168,53,60,55,61,x,x,14,x,6,x,x,0,x,53,21,18,14,14,x,x,38,11,12,15,10,x,x,8,0,x,x,x,x,x,38,13,15,10,19,0,19,8,0,x,x,x,0,x,9,x,x,x,7,0,7,146,46,53,47,49,x,x,7,x,x,x,0,0,0,x,0,0,x,x,0,x,50,13,22,15,20,x,x,x,x,x,0,x,x,0,0,0,0,0,0,0,0,0,0,0,0,0,0,0,0,0,0,0,0,0,0,0,0,0,0,x,0,x,0,0,0,0,0,0,0,9,x,x,x,x,x,x,35,x,x,17,8,x,x,0,0,0,0,0,0,0,0,0,0,0,0,0,0,13,x,x,x,x,0,x,34,22,6,6,15,0,15,x,x,x,0,x,0,x,9,x,x,x,7,0,7
E08000025,LA,330,Birmingham,628,212,221,195,279,30,249,48,15,20,13,11,x,x,114,58,28,28,103,x,x,129,37,50,42,26,0,26,63,24,20,19,12,0,12,137,39,52,46,74,x,x,56,16,20,20,15,0,15,81,23,31,27,38,26,12,513,176,178,159,229,x,x,80,29,28,23,39,x,x,40,17,8,15,17,0,17,35,19,x,x,56,0,56,9,x,x,x,x,x,x,0,0,0,0,0,0,0,0,0,0,0,0,0,0,x,x,x,x,x,0,x,x,0,x,0,x,0,x,x,x,0,0,0,0,0,14,x,6,x,x,0,x,262,75,105,82,43,0,43,x,x,x,0,x,0,x,0,0,0,0,0,0,0,31,12,11,8,10,0,10,36,19,x,x,62,0,62,30,10,8,12,6,0,6,81,23,31,27,38,26,12
E08000026,LA,331,Coventry,215,82,80,53,76,6,70,10,x,x,x,0,0,0,39,17,13,9,23,x,x,44,14,12,18,16,x,x,14,x,7,x,x,0,x,75,30,29,16,30,x,x,19,x,9,x,x,0,x,14,x,8,x,x,0,x,173,73,59,41,71,x,x,18,10,x,x,8,x,x,x,x,x,0,x,0,x,30,15,8,7,32,x,x,7,x,x,x,x,0,x,0,0,0,0,0,0,0,0,0,0,0,0,0,0,x,x,x,0,0,0,0,x,x,x,0,0,0,0,8,x,x,x,0,0,0,0,0,0,0,x,0,x,89,29,35,25,11,x,x,0,0,0,0,0,0,0,x,0,x,0,0,0,0,11,x,x,x,x,x,0,24,14,x,x,16,0,16,x,0,x,x,0,0,0,14,x,8,x,x,0,x
E08000027,LA,332,Dudley,140,52,40,48,77,x,x,13,x,6,x,x,0,x,25,18,x,x,36,x,x,47,12,14,21,22,x,x,15,x,6,x,0,0,0,20,9,x,x,11,0,11,7,x,x,x,x,0,x,13,x,x,8,x,0,x,123,51,34,38,71,x,x,18,9,x,x,30,x,x,x,x,0,x,x,0,x,x,0,0,x,x,0,x,6,x,x,0,x,x,x,0,0,0,0,0,0,0,0,0,0,0,0,0,0,0,0,0,0,0,0,0,x,0,0,x,x,0,x,0,0,0,0,0,0,0,0,0,0,0,x,0,x,68,25,16,27,18,x,x,0,0,0,0,0,0,0,0,0,0,0,0,0,0,x,0,x,x,x,x,x,20,9,x,x,14,0,14,6,x,x,x,x,x,x,13,x,x,8,x,0,x
E08000028,LA,333,Sandwell,161,59,52,50,51,x,x,x,x,x,x,x,0,x,27,12,9,6,13,0,13,32,13,13,6,10,0,10,x,x,x,0,x,0,x,38,17,15,6,14,0,14,0,0,0,0,0,0,0,49,14,x,31,6,x,x,99,37,44,18,34,0,34,28,14,x,x,13,0,13,x,x,0,0,0,0,0,21,9,x,x,10,0,10,7,x,x,0,8,0,8,0,0,0,0,0,0,0,0,0,0,0,0,0,0,x,0,0,x,0,0,0,x,0,x,0,0,0,0,0,0,0,0,0,0,0,x,x,0,x,x,0,x,31,6,17,8,6,0,6,0,0,0,0,0,0,0,0,0,0,0,0,0,0,10,7,x,x,x,0,x,0,0,0,0,0,0,0,9,x,x,x,x,0,x,49,14,x,31,6,x,x
E08000029,LA,334,Solihull,202,50,61,91,50,x,x,16,x,x,8,0,0,0,40,14,12,14,28,x,x,54,11,19,24,14,x,x,11,x,x,x,x,0,x,34,10,9,15,x,x,x,15,x,7,x,x,0,x,32,x,6,23,x,0,x,168,46,55,67,47,x,x,17,10,x,x,6,x,x,x,0,x,0,0,0,0,20,8,x,x,17,0,17,x,x,0,x,x,x,x,0,0,0,0,0,0,0,x,0,0,x,0,0,0,0,0,0,0,0,0,0,0,0,0,0,0,0,0,x,0,0,x,0,0,0,x,x,x,0,x,0,x,110,16,39,55,6,x,x,x,x,0,0,0,0,0,0,0,0,0,0,0,0,x,x,0,0,x,x,0,8,x,x,0,10,0,10,x,x,x,x,x,0,x,32,x,6,23,x,0,x
E08000030,LA,335,Walsall,133,53,33,47,48,x,x,x,x,x,x,0,0,0,23,14,x,x,17,x,x,33,9,8,16,x,0,x,x,x,0,0,0,0,0,44,18,11,15,18,x,x,17,x,9,x,x,0,x,10,x,x,x,x,x,x,107,44,27,36,41,x,x,12,x,x,x,7,0,7,x,0,0,x,x,x,0,x,x,x,0,8,0,8,0,0,0,0,0,0,0,x,0,0,x,0,0,0,0,0,0,0,0,0,0,0,0,0,0,0,0,0,0,0,0,0,0,0,0,x,x,x,x,0,0,0,0,0,0,0,0,0,0,54,17,19,18,9,0,9,0,0,0,0,0,0,0,0,0,0,0,0,0,0,x,x,x,x,x,0,x,9,x,0,x,6,0,6,32,x,x,14,11,x,x,10,x,x,x,x,x,x
E08000031,LA,336,Wolverhampton,133,51,41,41,10,x,x,7,x,x,x,0,0,0,30,11,13,6,x,x,x,17,11,x,x,x,0,x,14,x,x,6,0,0,0,38,17,9,12,x,0,x,9,x,x,x,x,0,x,18,x,9,8,0,0,0,102,40,31,31,10,x,x,24,11,7,6,0,0,0,0,0,0,0,0,0,0,10,x,x,x,x,x,x,x,x,x,x,0,0,0,0,0,0,0,0,0,0,0,0,0,0,0,0,0,x,x,0,x,0,0,0,0,0,0,0,0,0,0,0,0,0,0,0,0,0,7,x,x,x,x,0,x,40,15,10,15,x,0,x,0,0,0,0,0,0,0,0,0,0,0,0,0,0,9,6,x,x,0,0,0,10,x,x,x,0,0,0,7,x,x,x,0,0,0,18,x,9,8,0,0,0
E08000011,LA,340,Knowsley,75,23,20,32,30,6,24,6,x,0,x,0,0,0,x,x,0,x,x,0,x,21,7,8,6,11,x,x,x,x,x,x,x,0,x,25,6,7,12,10,x,x,8,x,x,x,x,0,x,7,x,x,x,x,x,0,65,20,18,27,24,x,x,20,x,9,x,6,x,x,x,x,0,0,x,x,x,x,x,0,x,x,0,x,x,0,x,x,x,0,x,0,0,0,0,0,0,0,0,0,0,0,0,0,0,6,x,0,x,0,0,0,0,0,0,0,0,0,0,0,0,0,0,0,0,0,x,0,x,0,0,0,0,13,x,x,8,0,0,0,0,0,0,0,0,0,0,0,0,0,0,0,0,0,x,0,0,x,x,x,x,17,7,x,x,8,0,8,x,x,0,0,x,0,x,7,x,x,x,x,x,0
E08000012,LA,341,Liverpool,268,94,79,95,102,x,x,17,0,x,x,x,0,x,64,34,18,12,47,x,x,31,8,13,10,11,x,10,34,8,14,12,x,0,x,78,30,19,29,33,x,x,21,x,x,10,x,0,x,23,7,6,10,x,0,x,213,74,62,77,86,x,x,54,17,20,17,25,x,x,x,0,x,x,x,0,x,15,6,x,x,21,x,x,x,x,x,x,x,0,x,0,0,0,0,0,0,0,x,0,0,x,0,0,0,6,x,x,x,x,0,x,7,x,x,x,0,0,0,x,x,0,x,0,0,0,x,0,x,x,x,0,x,98,30,23,45,14,0,14,0,0,0,0,0,0,0,0,0,0,0,0,0,0,19,10,x,x,13,0,13,31,17,8,6,17,0,17,x,x,x,x,x,0,x,22,7,6,9,x,0,x
E08000013,LA,342,St. Helens,61,19,26,16,23,x,x,x,x,x,x,x,0,x,6,0,x,x,x,0,x,16,x,7,x,10,0,10,13,x,x,x,x,0,x,9,x,x,x,6,x,x,7,x,x,x,x,x,x,x,x,x,0,0,0,0,53,18,21,14,21,x,x,13,8,x,x,6,0,6,x,0,x,0,x,x,x,7,x,x,0,7,x,x,x,x,x,x,x,0,x,0,0,0,0,0,0,0,0,0,0,0,0,0,0,6,x,x,x,x,0,x,0,0,0,0,0,0,0,x,0,x,x,x,0,x,0,0,0,0,0,0,0,15,x,x,7,x,0,x,0,0,0,0,0,0,0,0,0,0,0,0,0,0,x,0,0,x,x,0,x,x,x,x,x,x,0,x,x,0,x,0,0,0,0,x,x,x,0,0,0,0
E08000014,LA,343,Sefton,123,49,43,31,23,x,x,x,x,x,x,0,0,0,22,10,x,x,6,x,x,36,15,15,6,x,x,x,13,x,6,x,x,0,x,30,14,6,10,8,0,8,11,x,6,x,x,0,x,x,x,0,x,x,x,x,111,42,42,27,17,x,x,30,12,12,6,6,x,x,x,x,x,x,x,0,x,x,x,x,x,x,x,x,11,x,x,0,0,0,0,0,0,0,0,0,0,0,0,0,0,0,0,0,0,6,x,x,x,0,0,0,0,0,0,0,0,0,0,x,0,0,x,0,0,0,0,0,0,0,x,0,x,48,15,18,15,x,0,x,0,0,0,0,0,0,0,0,0,0,0,0,0,0,6,x,0,x,x,0,x,x,x,0,0,0,0,0,x,x,x,x,x,0,x,x,x,0,x,x,x,x
E08000015,LA,344,Wirral,201,71,62,68,62,x,x,10,x,x,x,x,0,x,26,16,x,x,17,x,x,45,18,17,10,20,x,x,31,7,15,9,x,0,x,48,12,15,21,15,0,15,19,8,x,x,x,0,x,22,x,x,14,x,x,0,164,62,54,48,55,x,x,27,11,6,10,10,0,10,x,x,x,x,x,0,x,11,x,x,x,6,x,x,6,x,x,x,x,x,x,0,0,0,0,0,0,0,0,0,0,0,0,0,0,19,x,8,x,x,0,x,x,x,x,0,x,0,x,x,x,x,x,0,0,0,x,x,x,0,x,0,x,69,24,24,21,11,0,11,0,0,0,0,0,0,0,0,0,0,0,0,0,0,8,x,x,x,x,0,x,16,8,x,x,18,0,18,9,x,x,x,x,x,x,20,x,x,14,x,x,0
E08000001,LA,350,Bolton,117,44,34,39,28,x,x,16,6,6,x,0,0,0,20,10,x,x,x,0,x,28,10,7,11,12,x,x,14,x,x,x,x,0,x,21,7,7,7,7,0,7,10,x,x,x,x,x,0,8,x,x,x,x,0,x,100,38,27,35,26,x,x,16,6,x,x,7,x,x,x,0,x,0,x,0,x,11,6,x,x,8,x,x,x,0,0,x,x,0,x,0,0,0,0,0,0,0,0,0,0,0,0,0,0,x,0,x,0,0,0,0,0,0,0,0,0,0,0,x,x,x,x,0,0,0,0,0,0,0,0,0,0,43,11,10,22,x,0,x,x,0,x,0,0,0,0,0,0,0,0,0,0,0,x,x,0,0,x,x,0,20,13,x,x,x,0,x,x,x,x,x,0,0,0,8,x,x,x,x,0,x
E08000002,LA,351,Bury,101,43,30,28,28,x,x,12,x,x,x,0,0,0,16,11,x,x,9,x,x,23,11,6,6,x,0,x,10,x,x,x,x,0,x,23,6,10,7,9,x,x,8,x,x,x,x,0,x,9,x,x,x,0,0,0,86,39,23,24,26,x,x,26,14,x,x,13,x,x,6,x,x,0,0,0,0,6,x,0,x,7,0,7,x,x,0,0,x,0,x,0,0,0,0,0,0,0,0,0,0,0,0,0,0,x,x,0,x,0,0,0,x,x,x,x,0,0,0,0,0,0,0,0,0,0,0,0,0,0,0,0,0,32,x,x,17,x,0,x,0,0,0,0,0,0,0,0,0,0,0,0,0,0,x,x,x,x,x,0,x,9,x,x,0,x,0,x,x,x,x,0,0,0,0,7,x,x,x,0,0,0
E08000003,LA,352,Manchester,488,160,158,170,172,21,151,46,12,14,20,x,x,x,75,40,20,15,77,x,x,92,20,37,35,22,x,x,64,22,21,21,x,x,x,112,43,31,38,41,x,x,38,10,13,15,6,x,x,61,13,22,26,16,7,9,380,127,123,130,141,12,129,76,27,27,22,24,6,18,18,x,9,x,6,0,6,30,17,x,x,22,x,x,29,13,7,9,24,x,x,0,0,0,0,0,0,0,0,0,0,0,0,0,0,14,x,x,10,0,0,0,x,0,0,x,x,0,x,x,x,x,x,x,x,x,11,x,x,0,x,0,x,140,29,45,66,6,0,6,x,x,x,x,x,0,x,0,0,0,0,0,0,0,26,9,9,8,6,x,x,44,25,10,9,24,0,24,28,15,x,x,36,x,x,61,13,22,26,16,7,9
E08000004,LA,353,Oldham,94,36,31,27,40,12,28,x,x,x,x,x,0,x,12,6,x,x,13,x,x,26,x,14,x,10,x,x,13,x,x,6,8,x,x,17,6,x,x,x,x,x,17,x,x,7,x,0,x,x,x,0,x,0,0,0,83,31,30,22,39,11,28,29,13,x,x,14,6,8,x,x,0,0,x,0,x,x,x,x,0,9,x,x,8,x,x,x,7,x,x,0,0,0,0,0,0,0,0,0,0,0,0,0,0,x,0,x,0,x,0,x,x,x,0,0,0,0,0,x,0,0,x,0,0,0,0,0,0,0,0,0,0,33,8,9,16,x,0,x,x,0,x,0,0,0,0,0,0,0,0,0,0,0,x,x,x,x,x,x,0,0,0,0,0,0,0,0,x,x,0,0,0,0,0,x,x,0,x,0,0,0
E08000005,LA,354,Rochdale,114,43,44,27,51,x,x,13,6,x,x,0,0,0,13,8,x,x,17,0,17,31,13,9,9,x,x,x,18,x,8,x,x,0,x,30,7,16,7,16,x,x,x,x,x,x,x,0,x,x,x,0,0,x,0,x,100,38,39,23,47,x,x,25,x,12,x,14,x,x,x,x,x,x,x,0,x,12,6,6,0,10,0,10,7,x,x,x,x,0,x,0,0,0,0,0,0,0,0,0,0,0,0,0,0,x,x,0,0,x,0,x,x,0,0,x,x,0,x,0,0,0,0,0,0,0,0,0,0,0,0,0,0,40,8,16,16,x,0,x,0,0,0,0,0,0,0,0,0,0,0,0,0,0,8,x,x,x,x,x,x,9,x,x,0,14,0,14,x,x,x,x,x,0,x,x,x,0,0,x,0,x
E08000006,LA,355,Salford,170,55,56,59,63,6,57,14,x,x,10,0,0,0,23,9,6,8,29,x,x,82,25,26,31,17,x,x,23,8,9,6,x,0,x,x,7,x,x,7,x,x,14,x,9,x,x,x,x,x,x,0,0,0,0,0,160,50,54,56,60,x,x,28,15,x,x,8,x,x,7,x,x,x,10,0,10,10,x,x,x,9,x,x,x,x,0,x,0,0,0,0,0,0,0,0,0,0,0,0,0,0,0,0,0,0,0,0,0,0,0,0,0,0,0,0,0,0,0,0,0,0,0,0,0,0,6,6,0,0,x,0,x,92,17,32,43,15,0,15,0,0,0,0,0,0,0,0,0,0,0,0,0,0,9,x,x,x,x,x,x,12,x,x,x,8,0,8,x,x,x,0,6,x,x,x,x,0,0,0,0,0
E08000007,LA,356,Stockport,141,59,36,46,18,x,x,x,x,x,x,0,0,0,28,11,9,8,x,x,x,41,18,8,15,x,x,x,21,9,6,6,x,0,x,42,16,11,15,8,0,8,0,0,0,0,0,0,0,x,x,0,0,x,x,0,133,54,33,46,16,x,x,20,9,x,x,6,x,x,9,x,x,x,0,0,0,7,x,x,x,0,0,0,18,x,x,9,0,0,0,x,x,0,0,0,0,0,0,0,0,0,0,0,0,0,0,0,0,0,0,0,0,0,0,0,0,0,0,0,0,0,0,0,0,0,x,x,0,x,x,0,x,54,13,17,24,x,0,x,0,0,0,0,0,0,0,0,0,0,0,0,0,0,x,x,x,0,x,0,x,13,x,x,x,0,0,0,10,6,x,x,x,0,x,x,x,0,0,x,x,0
E08000008,LA,357,Tameside,118,52,36,30,37,x,x,x,x,x,x,x,0,x,14,9,x,x,16,0,16,31,15,x,x,8,x,x,x,x,x,0,x,0,x,32,14,7,11,7,0,7,13,x,x,x,0,0,0,15,x,x,6,x,x,x,93,45,29,19,35,x,x,33,18,x,x,9,x,x,x,x,x,x,x,0,x,8,x,x,x,x,0,x,x,x,x,0,x,0,x,0,0,0,0,0,0,0,0,0,0,0,0,0,0,x,x,0,0,x,0,x,0,0,0,0,0,0,0,x,0,x,x,0,0,0,0,0,0,0,0,0,0,36,10,12,14,x,0,x,x,x,0,0,0,0,0,0,0,0,0,0,0,0,6,x,x,x,0,0,0,7,x,x,0,11,0,11,x,x,0,0,0,0,0,15,x,x,6,x,x,x
E08000009,LA,358,Trafford,112,35,36,41,44,8,36,x,x,0,x,10,x,x,20,x,9,x,7,x,x,39,12,12,15,16,x,x,11,x,x,x,x,x,x,23,6,10,7,x,x,x,9,6,x,x,x,0,x,x,0,0,x,0,0,0,106,33,34,39,43,8,35,21,x,9,x,12,x,x,6,x,x,x,x,0,x,11,x,x,x,6,0,6,12,x,x,8,7,0,7,0,0,0,0,0,0,0,0,0,0,0,0,0,0,x,x,0,0,0,0,0,x,0,x,0,0,0,0,x,x,0,0,0,0,0,x,0,0,x,0,0,0,47,12,13,22,11,x,x,0,0,0,0,0,0,0,0,0,0,0,0,0,0,x,x,x,x,0,0,0,6,x,x,0,x,0,x,x,x,0,0,x,x,x,0,0,0,0,0,0,0
E08000010,LA,359,Wigan,116,37,37,42,36,6,30,x,x,6,x,x,0,x,12,x,x,x,x,x,x,39,15,12,12,15,x,x,12,x,x,x,x,0,x,26,7,8,11,8,x,x,16,x,x,10,x,0,x,x,x,0,x,0,0,0,111,34,36,41,36,6,30,22,x,9,x,x,x,x,7,x,x,x,x,0,x,6,x,x,x,10,x,x,6,x,x,x,6,x,x,0,0,0,0,0,0,0,0,0,0,0,0,0,0,x,x,0,x,0,0,0,0,0,0,0,0,0,0,0,0,0,0,0,0,0,x,x,x,0,0,0,0,56,13,16,27,x,x,x,0,0,0,0,0,0,0,0,0,0,0,0,0,0,x,x,0,0,0,0,0,8,x,x,x,6,0,6,0,0,0,0,0,0,0,x,x,0,x,0,0,0
E08000016,LA,370,Barnsley,88,29,30,29,21,x,x,x,x,x,x,0,0,0,16,10,x,x,7,x,x,16,x,7,x,x,0,x,11,x,6,x,x,0,x,25,8,8,9,6,x,x,11,x,x,x,x,x,0,x,x,x,x,x,x,0,80,27,28,25,20,x,x,x,x,0,x,x,x,x,x,x,0,0,x,0,x,x,x,x,x,x,0,x,0,0,0,0,0,0,0,0,0,0,0,0,0,0,0,0,0,0,0,0,0,0,0,0,0,0,0,0,0,0,0,0,0,0,0,0,0,0,0,0,0,0,0,0,0,0,0,0,0,53,15,20,18,7,0,7,0,0,0,0,0,0,0,0,0,0,0,0,0,0,x,x,x,x,0,0,0,14,6,x,x,x,0,x,x,0,x,0,x,x,0,x,x,x,x,x,x,0
E08000017,LA,371,Doncaster,173,48,68,57,59,14,45,6,x,x,x,x,x,x,17,10,x,x,15,x,x,39,8,14,17,14,x,x,15,x,8,x,x,0,x,54,15,28,11,20,x,x,12,x,7,x,x,x,x,30,6,x,20,x,x,x,126,39,58,29,54,11,43,28,7,13,8,11,x,x,x,0,x,0,x,0,x,x,x,x,x,9,x,x,9,x,x,x,17,x,x,x,x,0,x,0,0,0,0,0,0,0,0,0,0,x,x,0,x,0,0,0,6,0,x,x,x,x,x,0,0,0,0,0,0,0,x,x,0,0,0,0,0,65,21,31,13,14,0,14,0,0,0,0,0,0,0,0,0,0,0,0,0,0,9,x,x,x,x,x,0,7,x,x,x,x,0,x,6,x,x,x,x,0,x,29,x,x,20,x,x,x
E08000018,LA,372,Rotherham,111,39,34,38,46,6,40,x,0,x,x,0,0,0,24,x,11,x,21,x,x,40,14,7,19,9,x,x,16,x,6,x,x,0,x,8,x,x,x,9,x,x,15,x,x,x,x,0,x,x,x,x,x,x,0,x,102,36,30,36,43,6,37,12,x,x,x,7,x,x,7,x,x,0,x,0,x,15,9,x,x,14,x,x,9,6,x,x,11,0,11,0,0,0,0,0,0,0,0,0,0,0,0,0,0,x,0,0,x,0,0,0,0,0,0,0,0,0,0,0,0,0,0,0,0,0,0,0,0,0,0,0,0,48,10,13,25,x,0,x,0,0,0,0,0,0,0,0,0,0,0,0,0,0,x,x,x,0,x,0,x,x,x,x,x,x,0,x,8,x,x,x,x,x,x,x,x,x,x,x,0,x
E08000019,LA,373,Sheffield,213,80,66,67,79,x,x,11,x,x,x,x,0,x,24,11,6,7,23,x,x,52,22,14,16,24,x,x,32,10,12,10,x,0,x,64,22,19,23,24,x,x,0,0,0,0,0,0,0,30,10,12,8,x,0,x,164,61,47,56,74,x,x,38,13,12,13,9,x,x,8,x,x,x,9,x,x,8,x,x,x,11,x,x,10,x,x,x,19,0,19,x,0,x,0,0,0,0,0,0,0,0,0,0,0,10,0,x,x,0,0,0,x,x,0,0,0,0,0,0,0,0,0,0,0,0,x,x,x,x,x,0,x,56,20,13,23,x,0,x,0,0,0,0,0,0,0,0,0,0,0,0,0,0,14,8,x,x,x,0,x,13,7,x,x,17,0,17,17,6,x,x,x,0,x,30,10,12,8,x,0,x
E08000032,LA,380,Bradford,229,67,90,72,83,6,77,15,x,8,x,x,0,x,30,15,x,x,27,x,x,85,33,30,22,33,x,x,23,x,x,11,x,0,x,56,8,27,21,14,x,x,0,0,0,0,0,0,0,20,x,7,9,x,0,x,197,60,78,59,78,x,x,30,7,16,7,12,x,x,8,x,x,x,x,0,x,x,x,x,x,18,x,x,9,x,x,0,x,0,x,0,0,0,0,0,0,0,0,0,0,0,0,0,0,14,x,x,6,6,0,6,0,0,0,0,0,0,0,0,0,0,0,0,0,0,x,0,x,x,0,0,0,93,21,36,36,20,x,x,x,0,0,x,0,0,0,0,0,0,0,0,0,0,10,x,x,x,x,x,x,20,13,x,x,14,0,14,15,6,x,x,x,0,x,20,x,7,9,x,0,x
E08000033,LA,381,Calderdale,77,24,22,31,26,x,x,9,x,x,x,0,0,0,11,x,x,x,10,0,10,21,6,6,9,x,0,x,x,x,x,x,0,0,0,17,7,x,x,9,x,x,11,x,x,8,x,0,x,x,x,0,x,0,0,0,70,21,21,28,26,x,x,9,x,x,x,x,x,x,x,x,0,x,x,0,x,x,0,0,x,x,0,x,x,0,0,x,x,0,x,0,0,0,0,0,0,0,0,0,0,0,0,0,0,x,0,x,0,0,0,0,x,0,0,x,0,0,0,0,0,0,0,0,0,0,x,x,x,0,0,0,0,41,11,11,19,8,0,8,0,0,0,0,x,0,x,0,0,0,0,0,0,0,x,x,x,x,0,0,0,9,x,x,x,8,0,8,x,x,x,x,x,0,x,x,x,0,x,0,0,0
E08000034,LA,382,Kirklees,164,61,54,49,31,x,x,12,6,x,x,0,0,0,21,14,x,x,11,x,x,41,13,13,15,x,0,x,19,x,8,x,0,0,0,40,15,13,12,x,0,x,22,x,9,x,x,0,x,9,x,x,x,8,0,8,140,51,46,43,23,x,x,20,10,x,x,x,x,x,11,7,x,x,0,0,0,x,x,x,x,0,0,0,10,6,x,x,0,0,0,0,0,0,0,0,0,0,0,0,0,0,0,0,0,x,0,x,0,0,0,0,0,0,0,0,0,0,0,0,0,0,0,0,0,0,x,x,0,0,0,0,0,82,18,34,30,16,0,16,x,x,0,0,0,0,0,0,0,0,0,0,0,0,11,6,x,x,0,0,0,6,x,x,0,0,0,0,8,x,0,x,x,0,x,9,x,x,x,8,0,8
E08000035,LA,383,Leeds,363,116,120,127,109,x,x,35,13,10,12,6,0,6,71,28,20,23,39,0,39,76,20,25,31,9,0,9,16,x,6,x,7,0,7,74,24,31,19,23,x,x,33,9,11,13,7,0,7,58,16,17,25,18,x,15,287,97,96,94,90,x,x,39,12,13,14,10,0,10,11,x,x,x,8,0,8,7,7,0,0,7,0,7,7,x,x,x,x,0,x,0,0,0,0,0,0,0,0,0,0,0,0,0,0,x,0,x,x,0,0,0,x,0,x,0,0,0,0,x,0,x,x,0,0,0,x,0,x,x,0,0,0,165,43,59,63,37,x,x,x,x,0,0,0,0,0,0,0,0,0,0,0,0,13,x,x,6,0,0,0,43,24,12,7,21,0,21,11,x,x,x,x,0,x,58,16,17,25,18,x,15
E08000036,LA,384,Wakefield,117,45,39,33,47,x,x,7,x,x,x,0,0,0,31,18,x,x,26,x,x,26,6,9,11,12,x,x,15,x,6,x,x,x,x,19,10,x,x,x,0,x,13,x,x,x,x,0,x,6,0,x,x,0,0,0,101,40,31,30,44,x,x,24,10,7,7,8,x,x,8,x,x,x,x,x,x,18,10,x,x,16,0,16,x,0,x,x,x,0,x,x,0,x,0,0,0,0,0,0,0,0,0,0,0,x,0,0,x,0,0,0,0,0,0,0,0,0,0,0,0,0,0,0,0,0,x,x,0,0,0,0,0,32,9,10,13,x,0,x,0,0,0,0,0,0,0,0,0,0,0,0,0,0,8,x,x,x,x,x,0,13,x,x,x,8,0,8,8,x,x,x,x,0,x,x,0,0,x,0,0,0
E08000020,LA,390,Gateshead,119,36,50,33,30,x,x,x,x,x,x,x,0,x,11,x,x,x,9,0,9,39,11,15,13,9,x,x,x,x,6,x,0,0,0,29,x,17,x,x,0,x,10,x,x,x,x,0,x,15,6,x,x,x,x,x,102,30,44,28,25,x,x,20,x,11,x,8,x,x,x,x,0,0,x,0,x,x,x,x,x,x,0,x,19,6,6,7,x,0,x,0,0,0,0,0,0,0,0,0,0,0,0,0,0,0,0,0,0,0,0,0,0,0,0,0,0,0,0,0,0,0,0,0,0,0,0,0,0,0,0,0,0,47,12,22,13,x,0,x,0,0,0,0,0,0,0,0,0,0,0,0,0,0,x,0,x,0,x,0,x,7,x,x,x,9,0,9,x,x,x,0,0,0,0,15,6,x,x,x,x,x
E08000021,LA,391,Newcastle upon Tyne,216,77,73,66,95,13,82,14,x,7,x,x,0,x,39,20,x,x,32,6,26,48,15,19,14,24,x,x,40,11,13,16,x,0,x,33,10,10,13,22,x,x,15,9,x,x,9,0,9,27,8,7,12,x,x,x,183,68,64,51,91,10,81,23,7,10,6,11,x,x,x,x,x,0,8,x,x,9,6,x,x,8,0,8,10,x,x,x,6,0,6,0,0,0,0,0,0,0,0,0,0,0,0,0,0,0,0,0,0,0,0,0,0,0,0,0,0,0,0,0,0,0,0,0,0,0,15,x,x,7,7,0,7,84,22,33,29,22,x,x,x,x,0,0,0,0,0,0,0,0,0,0,0,0,x,0,x,x,x,x,0,23,12,x,x,24,0,24,14,8,x,x,x,x,x,27,8,7,12,x,x,x
E08000022,LA,392,North Tyneside,74,22,28,24,45,x,x,8,x,x,x,0,0,0,11,6,x,x,21,0,21,24,7,9,8,17,x,x,10,x,x,6,0,0,0,21,x,10,x,7,x,x,0,0,0,0,0,0,0,0,0,0,0,0,0,0,72,21,27,24,44,x,x,14,x,7,x,6,x,x,x,x,x,0,x,x,x,13,x,7,x,13,0,13,x,x,0,0,x,0,x,0,0,0,0,0,0,0,0,0,0,0,0,0,0,x,0,0,x,0,0,0,0,0,0,0,0,0,0,0,0,0,0,0,0,0,0,0,0,0,0,0,0,30,7,9,14,x,0,x,0,0,0,0,0,0,0,x,x,0,0,0,0,0,x,0,x,0,x,0,x,10,x,x,x,14,0,14,0,0,0,0,0,0,0,0,0,0,0,0,0,0
E08000023,LA,393,South Tyneside,74,26,26,22,36,x,x,7,x,x,x,x,x,x,8,x,x,x,12,x,x,23,9,8,6,15,x,x,12,x,6,x,x,0,x,14,x,6,x,x,x,x,10,x,x,x,0,0,0,0,0,0,0,0,0,0,71,25,24,22,35,x,x,11,x,7,x,9,x,x,x,x,0,x,6,0,6,x,x,x,0,x,0,x,8,x,x,x,9,x,x,0,0,0,0,0,0,0,0,0,0,0,0,0,0,0,0,0,0,0,0,0,0,0,0,0,0,0,0,x,0,x,0,0,0,0,x,x,0,0,0,0,0,36,10,13,13,x,0,x,0,0,0,0,0,0,0,0,0,0,0,0,0,0,x,x,0,0,x,x,0,8,x,x,x,x,0,x,x,0,0,x,x,0,x,0,0,0,0,0,0,0
E08000024,LA,394,Sunderland,125,35,44,46,70,15,55,x,0,x,x,x,0,x,x,0,x,0,11,x,x,29,9,7,13,12,x,x,8,x,x,x,x,0,x,37,14,17,6,25,x,x,8,x,x,x,x,x,x,37,7,12,18,14,x,11,79,23,30,26,48,11,37,9,x,x,x,8,x,x,0,0,0,0,0,0,0,x,x,x,x,6,0,6,15,x,8,x,16,x,x,0,0,0,0,0,0,0,0,0,0,0,0,0,0,7,x,x,x,0,0,0,6,x,0,x,x,0,x,0,0,0,0,x,x,0,0,0,0,0,0,0,0,40,9,15,16,6,x,x,0,0,0,0,0,0,0,0,0,0,0,0,0,0,x,x,x,0,x,0,x,x,x,x,0,10,0,10,0,0,0,0,x,x,x,37,7,12,18,14,x,11
E06000022,LA,800,Bath and North East Somerset,71,16,27,28,x,x,x,x,x,x,x,0,0,0,x,x,x,x,x,0,x,27,x,x,13,x,0,x,11,x,x,7,0,0,0,17,x,10,x,0,0,0,0,0,0,0,0,0,0,0,0,0,0,x,x,0,65,13,25,27,x,x,x,10,x,7,x,x,x,0,x,x,x,x,0,0,0,x,0,x,x,x,0,x,x,x,0,x,0,0,0,0,0,0,0,0,0,0,0,0,0,0,0,0,0,x,0,0,x,0,0,0,0,0,0,0,0,0,0,0,0,0,0,0,0,0,x,0,x,x,x,0,x,27,x,x,17,x,0,x,x,0,x,0,0,0,0,0,0,0,0,0,0,0,x,0,x,0,0,0,0,13,x,8,x,x,0,x,x,x,0,x,0,0,0,x,x,0,0,0,0,0
E06000023,LA,801,"Bristol, City of",306,112,92,102,125,11,114,12,x,x,6,x,0,x,71,34,20,17,51,x,x,87,29,22,36,26,x,x,45,16,15,14,x,0,x,57,23,19,15,33,x,x,26,7,9,10,8,x,x,8,x,x,x,x,x,x,279,105,84,90,111,6,105,40,17,9,14,16,x,x,22,x,12,x,11,x,x,65,33,17,15,32,x,x,10,6,x,x,8,0,8,0,0,0,0,0,0,0,0,0,0,0,0,0,0,6,0,x,x,x,0,x,x,x,0,0,x,0,x,x,x,x,x,x,x,0,7,x,x,0,x,0,x,95,20,29,46,x,0,x,0,0,0,0,0,0,0,x,0,0,x,0,0,0,10,x,x,x,x,x,x,33,20,7,x,36,0,36,x,x,x,x,x,x,x,8,x,x,x,x,x,x
E06000024,LA,802,North Somerset,112,36,43,33,20,x,x,x,0,x,x,0,0,0,15,7,x,x,10,x,x,34,8,17,9,x,0,x,18,x,9,x,x,0,x,25,14,x,x,x,0,x,9,x,x,6,0,0,0,8,x,x,x,0,0,0,90,30,34,26,17,x,x,13,6,x,x,6,x,x,x,x,x,0,x,0,x,10,6,x,x,x,0,x,x,x,x,0,x,0,x,0,0,0,0,0,0,0,x,0,x,0,0,0,0,x,x,x,0,0,0,0,0,0,0,0,0,0,0,x,x,x,x,x,0,x,x,0,x,x,0,0,0,52,11,23,18,x,0,x,x,0,x,0,0,0,0,0,0,0,0,0,0,0,6,x,x,x,x,0,x,x,x,x,0,x,0,x,x,0,x,x,x,x,0,8,x,x,x,0,0,0
E06000025,LA,803,South Gloucestershire,99,31,30,38,51,7,44,9,x,x,x,x,x,x,12,8,x,x,18,x,x,30,7,9,14,10,x,x,8,x,x,x,x,x,x,26,8,11,7,11,x,x,6,0,x,x,x,0,x,8,x,0,6,x,x,x,87,29,28,30,45,6,39,15,6,x,x,x,x,x,x,x,0,0,x,0,x,10,x,x,x,8,x,x,x,0,0,x,x,0,x,0,0,0,0,0,0,0,0,0,0,0,0,0,0,7,0,x,x,0,0,0,0,0,0,0,0,0,0,x,0,x,0,x,0,x,x,x,x,0,x,0,x,40,9,12,19,7,0,7,0,0,0,0,0,0,0,0,0,0,0,0,0,0,x,0,x,x,0,0,0,x,x,0,x,8,0,8,x,x,x,0,9,x,x,8,x,0,6,x,x,x
E06000001,LA,805,Hartlepool,60,21,26,13,10,x,x,x,x,x,0,x,0,x,x,x,x,x,x,0,x,16,x,7,x,x,x,x,9,x,x,x,0,0,0,10,x,x,x,x,0,x,11,x,6,x,x,0,x,6,x,x,0,x,x,0,51,16,22,13,6,x,x,9,x,x,x,x,0,x,x,x,0,x,x,0,x,x,x,x,0,x,0,x,x,x,0,0,x,0,x,0,0,0,0,0,0,0,0,0,0,0,0,0,0,x,x,0,0,0,0,0,0,0,0,0,0,0,0,x,x,0,0,0,0,0,0,0,0,0,0,0,0,25,6,11,8,x,x,x,0,0,0,0,0,0,0,0,0,0,0,0,0,0,x,0,x,0,x,0,x,8,x,x,x,0,0,0,x,x,x,0,0,0,0,6,x,x,0,x,x,0
E06000002,LA,806,Middlesbrough,114,46,35,33,42,6,36,7,x,x,x,0,0,0,13,x,6,x,20,x,x,29,17,x,x,x,x,x,11,x,x,x,6,0,6,28,x,x,14,9,x,x,9,x,x,x,x,0,x,17,8,6,x,x,0,x,90,35,28,27,37,x,x,14,x,7,x,x,x,x,x,x,0,0,9,x,8,15,8,x,x,11,x,x,13,x,x,x,x,x,x,0,0,0,0,0,0,0,0,0,0,0,0,0,0,0,0,0,0,x,x,0,x,x,0,0,0,0,0,x,x,0,0,0,0,0,0,0,0,0,0,0,0,41,12,11,18,x,0,x,0,0,0,0,0,0,0,x,x,0,0,0,0,0,x,0,0,x,x,x,x,x,x,x,0,7,0,7,x,x,0,x,x,0,x,17,8,6,x,x,0,x
E06000003,LA,807,Redcar and Cleveland,45,18,13,14,16,x,x,x,0,x,x,0,0,0,8,x,x,x,x,0,x,15,8,x,x,x,0,x,x,x,x,x,x,0,x,11,x,x,x,x,x,x,x,0,x,0,x,0,x,0,0,0,0,0,0,0,45,18,13,14,16,x,x,x,x,x,x,6,x,x,x,x,x,0,0,0,0,0,0,0,0,x,0,x,x,0,x,0,0,0,0,0,0,0,0,0,0,0,0,0,0,0,0,0,0,x,0,0,x,0,0,0,0,0,0,0,0,0,0,0,0,0,0,0,0,0,0,0,0,0,0,0,0,29,11,9,9,x,0,x,0,0,0,0,0,0,0,0,0,0,0,0,0,0,0,0,0,0,0,0,0,8,x,x,x,x,0,x,0,0,0,0,0,0,0,0,0,0,0,0,0,0
E06000004,LA,808,Stockton-on-Tees,75,29,24,22,17,x,x,12,x,x,x,x,0,x,7,x,x,x,x,x,x,12,x,x,x,x,0,x,8,x,x,x,0,0,0,22,10,6,6,9,x,x,14,x,x,x,0,0,0,0,0,0,0,0,0,0,69,27,21,21,15,x,x,7,x,x,x,9,x,x,x,x,0,0,0,0,0,x,x,x,x,0,0,0,7,x,x,x,x,0,x,0,0,0,0,0,0,0,0,0,0,0,0,0,0,0,0,0,0,0,0,0,0,0,0,0,0,0,0,0,0,0,0,0,0,0,0,0,0,0,x,0,x,41,11,16,14,x,0,x,0,0,0,0,0,0,0,0,0,0,0,0,0,0,6,x,x,x,x,0,x,6,x,x,x,0,0,0,x,x,0,0,x,x,0,0,0,0,0,0,0,0
E06000010,LA,810,"Kingston Upon Hull, City of",133,56,37,40,63,x,x,8,x,0,x,x,0,x,20,10,x,x,19,0,19,34,15,11,8,17,x,x,22,9,x,x,x,0,x,26,14,x,x,13,x,x,9,x,x,x,x,0,x,14,x,x,7,x,0,x,112,49,32,31,55,x,x,10,x,0,x,6,0,6,8,x,x,x,0,0,0,21,14,x,x,14,x,x,12,6,x,x,16,x,x,0,0,0,0,0,0,0,0,0,0,0,0,0,0,x,x,x,0,0,0,0,0,0,0,0,0,0,0,x,0,0,x,x,0,x,0,0,0,0,0,0,0,50,14,15,21,16,0,16,x,0,x,0,0,0,0,0,0,0,0,0,0,0,x,x,x,0,x,0,x,8,x,x,x,x,0,x,x,0,0,x,0,0,0,14,x,x,7,x,0,x
E06000011,LA,811,East Riding of Yorkshire,102,35,37,30,32,x,x,x,0,x,x,0,0,0,14,9,x,x,12,x,x,51,16,20,15,12,0,12,9,x,x,x,x,0,x,15,7,x,x,x,x,x,x,x,x,x,0,0,0,0,0,0,0,x,x,x,98,33,35,30,29,x,x,21,9,x,x,7,x,x,9,x,x,x,x,0,x,12,6,x,x,x,0,x,8,x,0,x,x,0,x,0,0,0,0,0,0,0,0,0,0,0,0,0,0,x,x,0,0,0,0,0,0,0,0,0,0,0,0,0,0,0,0,0,0,0,0,0,0,0,0,0,0,42,x,21,x,0,0,0,0,0,0,0,0,0,0,0,0,0,0,0,0,0,x,x,x,0,0,0,0,x,x,x,0,10,0,10,x,0,0,x,0,0,0,0,0,0,0,x,x,x
E06000012,LA,812,North East Lincolnshire,56,24,13,19,26,6,20,x,0,x,0,0,0,0,7,x,x,x,12,x,x,31,10,8,13,7,x,6,x,x,x,x,0,0,0,x,x,x,x,x,x,x,6,x,0,x,x,0,x,x,x,0,0,x,0,x,46,17,12,17,23,6,17,7,x,x,0,x,x,x,x,x,x,x,0,0,0,x,x,x,0,x,0,x,0,0,0,0,x,x,0,0,0,0,0,0,0,0,0,0,0,0,0,0,0,x,0,x,x,x,0,x,x,0,x,0,0,0,0,0,0,0,0,0,0,0,0,0,0,0,x,x,x,21,x,x,11,x,x,x,0,0,0,0,0,0,0,0,0,0,0,0,0,0,8,x,0,x,x,0,x,6,x,0,x,x,0,x,x,x,0,0,x,x,x,x,x,0,0,x,0,x
E06000013,LA,813,North Lincolnshire,54,15,18,21,26,x,x,x,0,0,x,0,0,0,23,11,6,6,19,x,x,19,x,9,x,x,x,x,x,0,x,x,x,0,x,x,0,x,0,0,0,0,x,x,x,x,x,x,0,x,x,0,0,0,0,0,47,13,16,18,24,x,x,x,0,x,x,x,0,x,x,x,x,x,x,0,x,8,x,x,x,x,0,x,x,x,x,0,x,0,x,0,0,0,0,0,0,0,0,0,0,0,0,0,0,0,0,0,0,0,0,0,0,0,0,0,0,0,0,0,0,0,0,0,0,0,0,0,0,0,0,0,0,22,x,x,10,6,x,x,0,0,0,0,0,0,0,0,0,0,0,0,0,0,6,x,x,x,x,0,x,x,0,x,x,9,0,9,0,0,0,0,x,x,0,x,x,0,0,0,0,0
E10000023,LA,815,North Yorkshire,161,51,57,53,64,x,x,6,x,x,x,x,0,x,23,15,x,x,31,x,x,62,12,24,26,13,0,13,28,6,12,10,x,0,x,17,x,7,x,9,x,x,17,x,7,x,x,x,x,8,8,0,0,x,x,x,138,38,50,50,57,x,x,24,6,9,9,12,x,x,13,6,x,x,6,0,6,14,6,x,x,x,x,x,x,x,0,x,x,0,x,x,0,0,x,0,0,0,0,0,0,0,0,0,0,x,0,x,0,0,0,0,0,0,0,0,0,0,0,x,0,x,0,0,0,0,0,0,0,0,0,0,0,74,11,29,34,11,0,11,x,x,x,x,0,0,0,x,x,x,0,0,0,0,x,x,x,x,x,x,x,x,x,x,0,17,0,17,x,x,x,0,x,0,x,8,8,0,0,x,x,x
E06000014,LA,816,York,86,32,28,26,27,x,x,x,x,x,0,0,0,0,8,x,0,x,12,x,x,46,15,18,13,x,0,x,11,x,x,x,x,0,x,x,x,x,x,x,x,x,9,x,x,x,x,0,x,x,x,x,x,x,0,x,77,29,24,24,23,x,x,23,7,9,7,x,0,x,0,0,0,0,x,0,x,12,x,x,6,x,x,x,x,x,0,0,x,0,x,0,0,0,0,0,0,0,0,0,0,0,0,0,0,0,0,0,0,0,0,0,0,0,0,0,0,0,0,0,0,0,0,0,0,0,0,0,0,0,x,x,0,30,10,10,10,7,x,x,0,0,0,0,0,0,0,0,0,0,0,0,0,0,x,x,x,0,x,0,x,10,x,x,0,x,0,x,x,0,0,x,0,0,0,x,x,x,x,x,0,x
E06000032,LA,821,Luton,152,54,50,48,56,7,49,18,x,x,10,0,0,0,35,17,10,8,27,x,x,34,13,10,11,x,0,x,6,x,x,x,x,0,x,33,14,11,8,18,x,x,15,x,x,x,0,0,0,11,x,6,x,x,0,x,133,50,42,41,48,x,x,28,9,12,7,11,x,x,x,x,0,x,x,0,x,15,9,x,x,8,x,x,x,x,x,x,0,0,0,0,0,0,0,0,0,0,0,0,0,0,0,0,0,x,0,0,x,0,0,0,0,0,0,0,0,0,0,0,0,0,0,0,0,0,0,0,0,0,0,0,0,71,22,23,26,16,0,16,0,0,0,0,0,0,0,x,x,0,0,0,0,0,x,x,0,x,x,x,x,8,x,x,x,11,0,11,x,0,x,x,0,0,0,12,x,7,x,x,0,x
E06000055,LA,822,Bedford,100,40,32,28,36,x,x,12,6,x,x,x,0,x,19,10,x,x,14,x,x,20,x,8,x,6,0,6,x,x,x,x,x,0,x,25,7,10,8,10,x,x,11,x,x,6,x,x,x,x,x,x,0,x,0,x,85,33,27,25,32,x,x,11,x,x,x,x,x,x,x,x,0,x,0,0,0,12,6,0,6,7,x,x,x,x,x,x,x,0,x,0,0,0,0,0,0,0,0,0,0,0,0,0,0,x,0,x,0,0,0,0,x,x,x,x,0,0,0,x,x,x,0,0,0,0,x,x,x,0,x,0,x,32,8,16,8,x,0,x,0,0,0,0,x,0,x,0,0,0,0,0,0,0,x,x,x,x,x,0,x,7,x,x,x,x,0,x,11,6,x,x,x,x,x,x,x,x,0,x,0,x
E06000056,LA,823,Central Bedfordshire,83,26,24,33,45,x,x,x,x,0,x,x,0,x,19,9,x,x,25,x,x,27,9,6,12,10,0,10,6,x,x,x,0,0,0,18,x,9,x,x,x,x,x,x,x,x,x,x,x,x,x,0,x,0,0,0,70,25,19,26,43,x,x,14,x,x,x,9,x,x,7,x,x,x,x,x,x,9,x,x,0,13,0,13,0,0,0,0,0,0,0,0,0,0,0,0,0,0,0,0,0,0,0,0,0,0,0,0,0,0,0,0,x,0,x,x,0,0,0,0,0,0,0,0,0,0,x,x,0,0,0,0,0,30,7,7,16,12,x,x,x,0,x,0,0,0,0,0,0,0,0,0,0,0,x,0,x,x,x,x,x,7,x,0,x,x,0,x,x,0,x,x,x,0,x,x,x,0,x,0,0,0
E10000002,LA,825,Buckinghamshire,151,67,39,45,18,x,x,8,x,x,x,0,0,0,21,16,x,x,6,x,x,38,14,16,8,x,0,x,11,x,x,7,0,0,0,39,18,11,10,x,0,x,18,8,x,x,0,0,0,16,7,x,6,x,x,x,120,52,34,34,13,x,x,13,x,x,x,x,x,x,x,x,x,x,x,0,x,x,x,x,0,x,0,x,x,x,x,0,0,0,0,0,0,0,0,0,0,0,0,0,0,0,0,0,0,0,0,0,0,0,0,0,x,x,x,0,0,0,0,x,0,x,x,0,0,0,x,x,0,0,x,0,x,75,30,20,25,x,0,x,0,0,0,0,0,0,0,0,0,0,0,0,0,0,x,x,0,x,x,0,x,7,x,x,x,x,0,x,15,9,6,0,x,0,x,16,7,x,6,x,x,x
E06000042,LA,826,Milton Keynes,117,40,40,37,30,x,x,x,x,0,x,0,0,0,26,15,x,x,6,0,6,29,7,13,9,x,0,x,x,x,x,x,x,0,x,19,x,x,8,8,x,x,11,x,6,x,x,0,x,17,x,x,8,7,x,x,91,32,33,26,23,x,x,13,x,x,x,x,0,x,8,x,x,x,0,0,0,13,x,x,x,11,x,x,13,7,x,x,x,0,x,0,0,0,0,0,0,0,0,0,0,0,0,0,0,0,0,0,0,x,0,x,x,x,0,0,0,0,0,x,x,x,x,0,0,0,0,0,0,0,0,0,0,33,9,14,10,x,0,x,x,0,0,x,0,0,0,x,0,0,x,0,0,0,x,x,x,x,0,0,0,0,0,0,0,0,0,0,7,x,x,0,x,0,x,17,x,x,8,7,x,x
E10000007,LA,830,Derbyshire,293,91,92,110,87,6,81,20,11,x,x,27,x,x,16,x,x,10,x,x,x,95,29,28,38,22,x,x,44,14,17,13,14,0,14,90,29,27,34,17,x,x,15,x,9,x,x,0,x,13,x,6,x,x,x,0,268,85,80,103,81,x,x,x,x,0,x,x,x,0,16,x,x,8,x,0,x,14,x,6,x,17,0,17,9,x,x,x,6,0,6,0,0,0,0,0,0,0,0,0,0,0,0,0,0,6,x,x,x,0,0,0,0,0,0,0,0,0,0,0,0,0,0,0,0,0,x,x,0,x,x,0,x,151,45,45,61,10,0,10,0,0,0,0,0,0,0,x,0,0,x,0,0,0,11,x,6,x,x,x,x,15,6,x,x,21,0,21,50,18,16,16,20,x,x,13,x,6,x,x,x,0
E06000015,LA,831,Derby,150,37,49,64,51,10,41,6,x,x,x,x,0,x,18,6,6,6,14,x,x,44,13,11,20,13,x,x,15,x,7,x,x,0,x,42,11,14,17,17,x,x,16,0,6,10,x,0,x,9,x,x,x,x,x,x,126,29,42,55,43,7,36,21,x,9,x,9,x,x,x,x,x,x,x,0,x,x,x,x,x,x,0,x,8,x,x,x,10,x,x,0,0,0,0,0,0,0,0,0,0,0,0,0,0,x,x,x,x,x,0,x,x,x,x,x,0,0,0,x,0,0,x,0,0,0,x,x,0,x,0,0,0,74,15,25,34,6,x,x,0,0,0,0,0,0,0,0,0,0,0,0,0,0,6,x,x,x,x,x,x,x,x,x,x,10,0,10,7,x,0,x,0,0,0,9,x,x,x,x,x,x
E10000009,LA,835,Dorset,167,72,49,46,70,x,x,7,x,x,x,0,0,0,22,11,x,x,25,0,25,32,14,12,6,14,x,x,36,14,8,14,x,0,x,34,18,7,9,18,0,18,16,7,x,x,6,0,6,20,6,9,x,x,x,0,138,63,37,38,65,x,x,24,13,x,x,10,x,x,10,x,x,x,8,0,8,x,x,x,x,10,x,x,15,9,x,x,9,0,9,0,0,0,0,0,0,0,0,0,0,0,0,0,0,x,x,0,x,x,0,x,x,0,x,x,0,0,0,x,x,0,0,0,0,0,7,x,x,x,9,0,9,68,25,22,21,13,0,13,0,0,0,0,0,0,0,x,x,0,x,x,0,x,x,0,x,x,0,0,0,7,x,x,x,x,0,x,x,x,0,0,0,0,0,20,6,9,x,x,x,0
E06000029,LA,836,Poole,61,21,26,14,18,0,18,7,x,0,x,0,0,0,8,x,x,x,8,0,8,27,x,16,x,x,0,x,x,x,x,0,x,0,x,8,x,x,x,x,0,x,x,x,0,x,x,0,x,x,x,x,x,0,0,0,55,20,22,13,18,0,18,x,x,x,0,x,0,x,x,x,x,0,x,0,x,x,0,x,0,0,0,0,13,x,x,x,x,0,x,0,0,0,0,0,0,0,0,0,0,0,0,0,0,x,x,x,0,0,0,0,0,0,0,0,0,0,0,x,x,0,0,0,0,0,7,x,x,x,0,0,0,21,x,x,9,x,0,x,0,0,0,0,0,0,0,0,0,0,0,0,0,0,x,0,x,0,0,0,0,x,x,0,0,6,0,6,x,x,x,0,0,0,0,x,0,x,x,0,0,0
E06000028,LA,837,Bournemouth,97,30,37,30,29,0,29,9,x,x,x,x,0,x,9,x,x,x,7,0,7,19,x,11,x,7,0,7,23,8,8,7,x,0,x,27,10,11,6,9,0,9,x,0,x,x,0,0,0,x,0,x,x,x,0,x,80,27,30,23,26,0,26,12,x,x,x,7,0,7,9,x,x,x,x,0,x,6,x,x,0,x,0,x,x,x,x,x,x,0,x,0,0,0,0,0,0,0,0,0,0,0,0,0,0,0,0,0,0,0,0,0,6,0,x,x,0,0,0,x,0,x,0,x,0,x,0,0,0,0,0,0,0,45,10,19,16,x,0,x,0,0,0,0,0,0,0,x,x,0,0,0,0,0,x,x,0,0,x,0,x,x,x,0,x,8,0,8,x,x,x,0,0,0,0,x,0,x,x,x,0,x
E06000047,LA,840,Durham,171,49,66,56,61,11,50,10,x,6,x,0,0,0,28,9,12,7,36,6,30,46,18,14,14,13,x,x,16,x,x,7,x,0,x,37,10,15,12,x,0,x,28,7,11,10,x,0,x,6,0,x,x,0,0,0,155,47,60,48,61,11,50,14,x,8,x,13,x,x,6,x,x,x,0,0,0,24,6,6,12,9,x,x,12,x,6,x,14,x,x,0,0,0,0,0,0,0,x,0,0,x,0,0,0,x,x,x,0,x,0,x,0,0,0,0,0,0,0,0,0,0,0,0,0,0,0,0,0,0,0,0,0,90,25,34,31,x,x,x,0,0,0,0,0,0,0,0,0,0,0,0,0,0,9,x,x,x,0,0,0,x,x,0,0,13,0,13,x,0,x,x,x,x,x,6,0,x,x,0,0,0
E06000005,LA,841,Darlington,62,18,17,27,34,8,26,x,x,x,0,0,0,0,8,x,x,x,8,x,x,9,x,x,x,10,x,x,x,x,x,0,x,0,x,x,x,x,0,6,x,x,x,x,0,0,x,0,x,31,x,x,24,x,x,x,31,15,x,x,28,7,21,x,x,0,0,x,x,x,x,0,x,0,x,0,x,x,x,0,0,6,x,x,x,x,x,0,x,0,x,0,0,0,0,0,0,0,0,0,0,0,0,0,0,0,0,0,0,0,0,0,0,0,0,0,0,0,0,0,0,0,0,0,0,0,x,x,0,0,0,0,0,13,x,6,x,7,x,x,0,0,0,0,0,0,0,0,0,0,0,0,0,0,0,0,0,0,x,0,x,x,x,x,0,6,0,6,x,0,x,0,x,0,x,31,x,x,24,x,x,x
E10000011,LA,845,East Sussex,152,42,55,55,60,6,54,19,x,x,8,0,0,0,41,15,12,14,31,0,31,33,11,13,9,8,x,x,x,0,0,x,0,0,0,28,6,14,8,13,x,x,x,x,x,x,x,0,x,17,0,7,10,6,x,x,124,36,45,43,49,x,x,13,x,x,x,8,x,x,15,x,x,6,x,0,x,6,x,x,x,x,0,x,10,x,x,x,x,0,x,0,0,0,0,0,0,0,x,x,0,0,0,0,0,x,0,x,x,0,0,0,0,0,0,0,0,0,0,x,x,x,0,x,0,x,10,x,x,x,6,0,6,55,18,19,18,x,0,x,0,0,0,0,0,0,0,x,0,0,x,x,0,x,x,x,x,x,x,x,x,11,x,x,x,24,0,24,6,x,x,x,0,0,0,17,0,7,10,6,x,x
E06000043,LA,846,Brighton and Hove,161,53,53,55,78,11,67,16,x,x,6,0,0,0,45,16,15,14,49,7,42,49,17,20,12,10,x,x,26,6,10,10,x,0,x,x,x,x,x,13,x,x,14,x,x,9,x,x,0,x,0,0,x,0,0,0,154,51,51,52,73,10,63,23,12,x,x,17,7,10,6,x,x,x,x,0,x,15,6,x,x,8,0,8,14,8,x,x,7,x,x,0,0,0,0,0,0,0,0,0,0,0,0,0,0,x,x,0,x,0,0,0,0,0,0,0,0,0,0,0,0,0,0,0,0,0,29,6,15,8,7,0,7,50,10,12,28,6,x,x,x,0,0,x,0,0,0,0,0,0,0,0,0,0,x,x,x,0,x,x,x,14,6,x,x,25,0,25,0,0,0,0,x,0,x,x,0,0,x,0,0,0
E10000014,LA,850,Hampshire,498,187,152,159,87,22,65,20,x,x,9,x,0,x,59,37,14,8,9,x,x,121,39,40,42,x,x,x,54,16,15,23,x,0,x,116,47,39,30,23,x,x,27,6,13,8,x,0,x,101,40,22,39,43,18,25,354,133,114,107,38,x,x,59,24,15,20,11,x,x,21,7,6,8,x,x,x,36,19,x,x,9,0,9,33,15,11,7,7,0,7,0,0,0,0,0,0,0,0,0,0,0,0,0,0,43,25,11,7,x,0,x,0,0,0,0,0,0,0,0,0,0,0,0,0,0,x,x,x,x,0,0,0,158,41,57,60,6,0,6,x,x,x,x,x,0,x,7,x,x,x,x,0,x,17,x,7,x,x,0,x,0,0,0,0,0,0,0,15,7,x,x,x,0,x,101,40,22,39,43,18,25
E06000044,LA,851,Portsmouth,106,43,33,30,36,x,x,x,0,x,x,0,0,0,16,8,x,x,15,0,15,27,11,8,8,x,0,x,x,x,x,x,0,0,0,21,7,6,8,12,0,12,6,x,0,x,0,0,0,28,12,8,8,6,x,x,67,26,21,20,29,0,29,7,x,x,x,6,0,6,0,0,0,0,0,0,0,8,x,x,x,x,0,x,9,x,x,0,9,0,9,0,0,0,0,0,0,0,0,0,0,0,0,0,0,x,x,x,0,x,0,x,0,0,0,0,0,0,0,x,x,x,0,0,0,0,x,x,x,0,x,0,x,21,x,x,12,x,0,x,0,0,0,0,0,0,0,0,0,0,0,0,0,0,8,x,x,x,x,0,x,6,x,x,x,x,0,x,9,x,x,x,x,0,x,28,12,8,8,6,x,x
E06000045,LA,852,Southampton,130,37,45,48,45,x,x,x,x,0,x,0,0,0,x,x,x,0,12,0,12,32,11,12,9,9,0,9,14,x,x,7,x,0,x,32,8,14,10,18,x,x,14,x,x,6,x,0,x,29,6,8,15,x,0,x,82,23,32,27,34,x,x,16,x,8,x,9,x,x,7,x,x,x,0,0,0,14,x,8,x,x,x,x,x,x,x,0,x,0,x,0,0,0,0,0,0,0,0,0,0,0,0,0,0,8,x,x,x,0,0,0,x,0,0,x,x,0,x,x,x,x,0,x,0,x,x,0,0,x,x,0,x,19,x,x,10,x,0,x,x,x,0,x,0,0,0,x,x,0,0,x,0,x,8,x,x,x,x,x,x,7,x,x,x,13,0,13,8,x,x,x,x,0,x,29,6,8,15,x,0,x
E10000018,LA,855,Leicestershire,158,49,61,48,74,7,67,x,x,x,x,x,0,x,32,16,x,x,34,6,28,41,8,17,16,15,0,15,15,x,8,x,x,0,x,40,13,14,13,12,0,12,18,x,7,x,x,x,x,7,x,x,x,0,0,0,137,39,57,41,69,6,63,19,x,8,x,12,x,x,10,x,x,x,x,0,x,7,x,x,x,x,0,x,7,x,x,0,11,x,x,0,0,0,0,0,0,0,0,0,0,0,0,0,0,x,0,x,x,0,0,0,x,x,0,x,0,0,0,x,x,x,x,0,0,0,9,x,x,x,8,0,8,67,15,28,24,20,x,x,0,0,0,0,0,0,0,x,x,0,0,0,0,0,7,x,x,x,x,x,x,6,x,x,x,8,0,8,11,x,7,x,x,x,x,x,x,x,x,0,0,0
E06000016,LA,856,Leicester,186,68,54,64,24,x,x,x,x,6,x,0,0,0,47,23,11,13,9,x,x,25,13,x,x,x,x,x,38,10,12,16,x,x,x,44,14,8,22,6,x,x,19,x,9,x,x,0,x,x,0,0,x,0,0,0,170,62,53,55,17,x,x,28,13,8,7,6,x,x,7,x,x,x,0,0,0,22,10,6,6,6,0,6,7,x,x,x,0,0,0,0,0,0,0,0,0,0,0,0,0,0,0,0,0,x,x,0,0,0,0,0,x,0,0,x,x,0,x,x,0,x,x,0,0,0,0,0,0,0,0,0,0,93,26,34,33,x,0,x,x,x,0,0,0,0,0,0,0,0,0,0,0,0,13,6,0,7,6,x,x,7,x,x,x,0,0,0,x,x,0,x,0,0,0,x,0,0,x,0,0,0
E06000017,LA,857,Rutland,15,x,7,x,7,0,7,x,0,x,0,0,0,0,x,x,x,0,x,0,x,x,x,x,x,x,0,x,x,0,x,0,0,0,0,x,x,x,x,x,0,x,0,0,0,0,0,0,0,0,0,0,0,0,0,0,15,x,7,x,7,0,7,x,0,x,0,0,0,0,x,0,x,0,0,0,0,x,x,x,0,x,0,x,x,x,0,0,x,0,x,0,0,0,0,0,0,0,0,0,0,0,0,0,0,0,0,0,0,0,0,0,0,0,0,0,0,0,0,0,0,0,0,0,0,0,0,0,0,0,0,0,0,x,x,x,x,x,0,x,0,0,0,0,0,0,0,0,0,0,0,0,0,0,0,0,0,0,0,0,0,0,0,0,0,0,0,0,0,0,0,0,0,0,0,0,0,0,0,0,0,0
E10000028,LA,860,Staffordshire,344,93,140,111,114,14,100,22,x,x,11,x,0,x,48,20,21,7,40,7,33,102,32,33,37,18,x,16,42,12,17,13,8,0,8,82,14,40,28,39,x,x,17,8,x,x,x,x,x,31,x,14,13,x,0,x,288,83,117,88,110,13,97,41,15,14,12,15,6,9,19,8,x,x,7,x,x,7,x,x,x,13,0,13,x,x,x,0,7,0,7,0,0,0,0,0,0,0,x,0,0,x,0,0,0,x,0,0,x,x,0,x,x,0,x,x,0,0,0,9,x,x,x,x,0,x,x,x,x,0,x,x,0,164,35,72,57,35,x,x,0,0,0,0,0,0,0,x,x,0,x,0,0,0,10,x,x,7,x,x,0,27,14,x,x,19,0,19,22,8,8,6,12,x,x,31,x,14,13,x,0,x
E06000021,LA,861,Stoke-on-Trent,155,51,48,56,67,6,61,9,x,x,x,x,0,x,18,8,x,x,12,0,12,40,12,16,12,9,x,6,17,x,x,7,x,0,x,36,11,9,16,34,x,x,20,8,6,6,x,x,x,15,x,x,8,0,0,0,131,45,42,44,64,6,58,16,6,x,x,10,x,x,x,x,x,x,x,0,x,0,0,0,0,x,x,x,0,0,0,0,0,0,0,0,0,0,0,0,0,0,0,0,0,0,0,0,0,0,0,0,0,0,0,0,0,0,0,0,0,0,0,x,0,x,0,0,0,0,x,x,x,0,x,0,x,80,25,23,32,25,0,25,0,0,0,0,0,0,0,0,0,0,0,0,0,0,6,x,x,x,x,0,x,10,6,x,x,8,0,8,21,x,9,x,13,x,x,15,x,x,8,0,0,0
E06000054,LA,865,Wiltshire,156,57,48,51,39,x,x,7,x,x,x,x,0,x,42,22,x,x,16,x,x,37,10,12,15,10,x,8,16,x,6,x,x,0,x,20,7,7,6,6,x,x,12,x,x,x,0,0,0,22,7,x,12,x,0,x,127,47,43,37,33,x,x,22,9,x,x,x,x,x,11,x,x,x,x,0,x,21,12,x,x,11,x,x,11,x,x,x,x,0,x,0,0,0,0,0,0,0,0,0,0,0,0,0,0,0,0,0,0,0,0,0,0,0,0,0,0,0,0,x,x,x,x,0,0,0,x,x,0,x,x,0,x,54,13,19,22,x,0,x,0,0,0,0,x,0,x,0,0,0,0,0,0,0,x,x,x,x,x,x,x,x,x,0,0,x,0,x,x,0,x,x,x,x,x,22,7,x,12,x,0,x
E06000030,LA,866,Swindon,142,40,50,52,38,x,x,x,x,x,0,x,0,x,30,16,x,x,15,0,15,34,10,14,10,x,0,x,14,x,8,x,x,0,x,35,7,9,19,14,x,x,18,x,x,12,x,0,x,9,0,x,6,0,0,0,120,37,39,44,34,x,x,21,9,x,x,x,x,x,x,x,x,0,x,0,x,18,x,x,8,6,0,6,13,6,6,x,7,0,7,0,0,0,0,0,0,0,0,0,0,0,0,0,0,0,0,0,0,0,0,0,0,0,0,0,0,0,0,0,0,0,0,0,0,0,6,x,x,x,x,0,x,45,10,18,17,x,0,x,x,0,x,x,0,0,0,x,0,x,0,x,0,x,x,0,x,0,x,0,x,8,x,x,x,9,0,9,14,x,x,6,x,0,x,9,0,x,6,0,0,0
E06000036,LA,867,Bracknell Forest,40,14,11,15,12,x,x,x,0,x,x,0,0,0,x,x,0,x,x,0,x,15,x,x,6,6,0,6,6,x,x,x,x,0,x,8,x,x,x,x,x,0,0,0,0,0,0,0,0,x,0,0,x,0,0,0,36,14,10,12,12,x,x,8,x,x,x,x,x,x,x,x,0,x,x,0,x,x,x,0,0,x,0,x,x,0,x,0,0,0,0,0,0,0,0,0,0,0,0,0,0,0,0,0,0,x,x,0,0,0,0,0,x,0,0,x,0,0,0,0,0,0,0,0,0,0,0,0,0,0,0,0,0,19,x,x,8,x,0,x,0,0,0,0,0,0,0,0,0,0,0,0,0,0,x,0,x,0,0,0,0,x,x,0,0,x,0,x,x,0,0,x,0,0,0,x,0,0,x,0,0,0
E06000040,LA,868,Windsor and Maidenhead,42,13,13,16,24,x,x,x,0,0,x,0,0,0,8,x,x,0,15,x,x,x,x,x,x,0,0,0,7,x,x,x,x,0,x,7,x,x,x,x,x,x,x,x,0,x,x,0,x,10,x,x,7,x,0,x,29,12,10,7,22,x,x,x,0,x,x,x,x,x,x,x,0,0,x,0,x,x,x,x,x,8,0,8,x,0,x,x,0,0,0,0,0,0,0,0,0,0,0,0,0,0,0,0,0,0,0,0,0,0,0,0,0,0,0,0,x,x,0,0,0,0,0,0,0,0,6,x,x,0,0,0,0,11,x,x,x,x,0,x,0,0,0,0,0,0,0,0,0,0,0,0,0,0,0,0,0,0,0,0,0,x,x,x,0,x,0,x,x,0,0,x,x,0,x,10,x,x,7,x,0,x
E06000037,LA,869,West Berkshire,55,25,17,13,21,x,x,x,x,x,0,0,0,0,11,8,x,x,12,x,x,10,x,x,x,x,x,x,x,x,x,0,0,0,0,13,x,x,x,x,x,x,0,0,0,0,0,0,0,11,x,x,6,0,0,0,38,22,x,x,19,x,x,x,x,x,0,x,0,x,x,x,0,0,0,0,0,x,x,x,0,x,0,x,x,x,x,x,x,x,x,0,0,0,0,0,0,0,0,0,0,0,0,0,0,0,0,0,0,x,0,x,x,0,x,x,0,0,0,0,0,0,0,x,0,x,0,0,0,0,0,0,0,13,x,x,x,x,x,x,0,0,0,0,0,0,0,x,x,0,0,0,0,0,x,x,0,x,0,0,0,7,7,0,0,x,0,x,x,x,0,0,7,x,x,11,x,x,6,0,0,0
E06000038,LA,870,Reading,68,27,19,22,35,x,x,x,x,x,x,0,0,0,14,7,x,x,13,x,x,18,x,x,9,x,0,x,x,x,0,x,0,0,0,17,7,x,x,10,x,x,9,x,x,x,x,0,x,x,0,x,0,x,x,x,61,24,17,20,29,x,x,8,x,x,x,x,x,x,x,x,x,x,x,0,x,x,x,0,x,x,0,x,x,x,x,0,x,0,x,0,0,0,0,0,0,0,0,0,0,0,0,0,0,x,0,0,x,0,0,0,0,0,0,0,0,0,0,x,0,0,x,0,0,0,x,x,0,0,x,0,x,34,10,8,16,11,x,x,x,x,0,0,0,0,0,0,0,0,0,x,0,x,x,x,0,0,x,0,x,x,x,x,0,x,0,x,x,x,x,x,x,0,x,x,0,x,0,x,x,x
E06000039,LA,871,Slough,89,34,25,30,32,x,x,6,x,x,x,0,0,0,17,x,7,x,x,0,x,15,x,x,7,x,x,x,x,0,x,x,0,0,0,25,13,x,x,x,0,x,x,0,x,x,0,0,0,20,12,x,7,22,x,18,60,19,20,21,9,x,x,7,x,0,x,x,0,x,x,0,0,x,0,0,0,6,x,x,x,x,x,x,11,6,x,x,x,0,x,x,0,x,0,0,0,0,0,0,0,0,0,0,0,x,x,0,x,0,0,0,x,x,x,0,0,0,0,x,x,x,0,x,0,x,x,0,x,x,0,0,0,20,x,10,x,0,0,0,0,0,0,0,0,0,0,x,0,0,x,0,0,0,x,0,x,x,0,0,0,x,0,x,0,0,0,0,x,x,x,x,0,0,0,20,12,x,7,22,x,18
E06000041,LA,872,Wokingham,31,9,13,9,10,0,10,x,x,x,0,0,0,0,6,x,0,x,x,0,x,6,x,x,x,x,0,x,x,0,x,0,0,0,0,8,x,x,x,x,0,x,x,x,x,x,0,0,0,x,0,x,0,0,0,0,24,7,10,7,7,0,7,x,x,x,x,x,0,x,x,0,x,0,x,0,x,x,0,x,x,x,0,x,x,x,0,0,0,0,0,0,0,0,0,0,0,0,0,0,0,0,0,0,0,x,x,0,0,x,0,x,0,0,0,0,0,0,0,x,0,0,x,0,0,0,x,x,0,0,0,0,0,8,x,x,x,0,0,0,0,0,0,0,0,0,0,x,0,0,x,x,0,x,0,0,0,0,x,0,x,x,0,x,x,0,0,0,x,0,x,0,x,0,x,x,0,x,0,0,0,0
E10000003,LA,873,Cambridgeshire,203,51,74,78,70,7,63,13,x,x,6,x,0,x,17,8,x,x,19,x,x,27,7,11,9,x,x,x,x,x,x,0,x,0,x,79,30,38,11,31,x,x,x,0,0,x,0,0,0,61,x,11,49,0,0,0,123,40,57,26,63,x,x,14,x,7,x,x,x,x,x,x,0,0,6,x,x,x,x,0,0,14,x,x,x,x,0,0,x,0,x,0,0,0,0,0,0,0,0,0,0,0,0,0,0,x,0,0,x,x,0,x,x,x,0,0,0,0,0,0,0,0,0,0,0,0,0,0,0,0,0,0,0,54,11,27,16,9,x,x,0,0,0,0,0,0,0,0,0,0,0,0,0,0,6,x,x,x,x,x,0,x,x,x,0,7,0,7,60,27,25,8,25,x,x,60,0,11,49,0,0,0
E06000031,LA,874,Peterborough,132,48,51,33,39,x,x,6,x,x,0,x,0,x,31,16,x,x,19,0,19,28,8,9,11,x,0,x,18,x,10,x,x,0,x,29,10,13,6,11,x,x,10,x,x,x,0,0,0,10,x,x,x,x,0,x,107,35,42,30,37,x,x,16,x,8,x,x,x,x,x,0,x,x,x,0,x,x,x,x,0,11,0,11,7,x,x,x,0,0,0,0,0,0,0,0,0,0,0,0,0,0,0,0,0,9,x,x,x,x,0,x,0,0,0,0,0,0,0,x,x,x,0,0,0,0,x,0,x,0,0,0,0,52,14,18,20,7,0,7,x,0,x,0,0,0,0,0,0,0,0,0,0,0,8,x,x,0,x,x,0,9,6,x,x,6,0,6,x,x,x,x,x,0,x,10,x,x,x,x,0,x
E06000006,LA,876,Halton,42,15,11,16,18,x,x,x,x,0,x,x,x,x,10,x,x,x,x,x,x,13,x,x,x,8,x,x,8,x,x,x,0,0,0,x,x,x,x,x,0,x,x,x,0,x,x,0,x,0,0,0,0,0,0,0,35,12,10,13,17,x,x,9,x,0,x,x,x,x,x,0,x,0,x,0,x,x,x,x,x,0,0,0,x,x,0,x,0,0,0,x,0,0,x,0,0,0,0,0,0,0,0,0,0,0,0,0,0,0,0,0,0,0,0,0,x,0,x,0,0,0,0,0,0,0,0,0,0,0,x,0,x,15,x,8,x,x,0,x,0,0,0,0,0,0,0,0,0,0,0,0,0,0,x,x,x,x,0,0,0,x,x,0,x,0,0,0,x,x,0,x,x,x,x,0,0,0,0,0,0,0
E06000007,LA,877,Warrington,67,26,23,18,31,x,x,x,x,x,x,0,0,0,12,x,x,x,10,0,10,19,x,10,x,11,0,11,x,x,x,x,x,0,x,24,12,x,x,x,x,x,0,0,0,0,0,0,0,x,0,0,x,0,0,0,61,26,20,15,30,x,x,x,x,x,0,x,0,x,x,x,0,x,x,0,x,x,x,0,0,x,x,x,x,x,x,x,x,0,x,0,0,0,0,0,0,0,0,0,0,0,0,0,0,x,x,0,0,0,0,0,0,0,0,0,0,0,0,0,0,0,0,0,0,0,x,0,0,x,x,0,x,29,12,9,8,8,0,8,0,0,0,0,0,0,0,0,0,0,0,0,0,0,x,0,x,x,x,0,x,11,x,6,x,x,0,x,7,x,x,x,x,0,x,x,0,0,x,0,0,0
E10000008,LA,878,Devon,416,123,138,155,140,12,128,19,6,6,7,x,0,x,53,22,17,14,57,x,x,111,31,36,44,24,x,x,63,18,23,22,12,0,12,71,22,24,25,28,x,x,33,6,11,16,9,x,x,66,18,21,27,x,x,x,323,95,110,118,127,11,116,39,14,14,11,23,x,x,22,7,7,8,8,0,8,12,x,x,x,8,x,x,31,17,8,6,24,x,x,0,0,0,0,0,0,0,0,0,0,0,0,0,0,x,x,0,x,0,0,0,x,x,0,0,0,0,0,8,x,x,x,x,0,x,15,x,7,x,6,0,6,165,26,55,84,13,x,x,x,x,0,x,x,0,x,x,x,0,x,0,0,0,6,x,x,x,6,0,6,31,19,x,x,41,0,41,12,x,6,x,x,0,x,66,18,21,27,x,x,x
E06000026,LA,879,Plymouth,170,71,51,48,77,9,68,x,0,x,x,0,0,0,30,18,6,6,15,0,15,47,16,18,13,21,0,21,16,9,x,x,x,x,x,63,26,16,21,29,6,23,0,0,0,0,0,0,0,11,x,x,x,x,x,x,154,67,45,42,67,7,60,16,x,x,6,16,6,10,x,x,x,x,x,0,x,x,x,0,x,x,x,x,8,x,0,x,6,0,6,0,0,0,0,0,0,0,0,0,0,0,0,0,0,0,0,0,0,0,0,0,0,0,0,0,0,0,0,0,0,0,0,0,0,0,13,7,x,x,16,0,16,90,34,30,26,12,x,x,0,0,0,0,0,0,0,x,0,0,x,0,0,0,x,0,x,x,0,0,0,13,x,x,0,11,0,11,8,x,x,x,7,0,7,11,x,x,x,x,x,x
E06000027,LA,880,Torbay,96,28,31,37,27,x,x,x,0,0,x,x,0,x,12,x,x,x,10,x,x,36,9,13,14,8,0,8,18,x,11,x,x,0,x,21,x,x,10,x,0,x,0,0,0,0,0,0,0,x,x,0,x,0,0,0,90,24,30,36,27,x,x,17,x,7,x,x,x,x,0,0,0,0,x,0,x,7,x,x,x,x,0,x,x,0,x,0,x,0,x,0,0,0,0,0,0,0,0,0,0,0,0,0,0,0,0,0,0,0,0,0,0,0,0,0,0,0,0,0,0,0,0,0,0,0,x,x,0,x,x,0,x,54,14,15,25,x,0,x,x,x,0,0,0,0,0,0,0,0,0,0,0,0,x,0,x,0,0,0,0,x,x,x,0,10,0,10,x,x,x,0,0,0,0,x,x,0,x,0,0,0
E10000012,LA,881,Essex,620,214,183,223,232,22,210,41,13,10,18,x,0,x,103,57,25,21,101,7,94,146,39,50,57,53,6,47,67,14,22,31,7,0,7,142,59,39,44,54,6,48,47,16,15,16,8,x,x,74,16,22,36,6,x,x,493,182,142,169,210,18,192,88,37,20,31,35,9,26,38,14,6,18,13,x,x,51,26,16,9,50,x,x,39,21,12,6,26,x,x,x,0,0,x,0,0,0,0,0,0,0,0,0,0,35,7,12,16,x,0,x,x,0,x,x,x,0,x,22,10,6,6,x,x,x,15,8,x,x,6,0,6,182,40,60,82,8,0,8,x,0,0,x,0,0,0,x,0,x,x,x,0,x,19,7,6,6,7,0,7,24,19,x,x,50,0,50,25,x,12,x,18,x,x,74,16,22,36,6,x,x
E06000033,LA,882,Southend-on-Sea,85,38,17,30,32,x,x,x,x,x,x,x,0,x,21,11,x,x,x,x,x,26,10,7,9,8,0,8,x,x,0,x,0,0,0,15,7,x,x,13,x,x,6,x,x,x,0,0,0,10,x,0,6,x,0,x,68,33,13,22,27,x,x,8,x,x,x,x,x,x,x,x,0,x,x,0,x,7,x,x,x,x,0,x,6,x,x,0,x,0,x,0,0,0,0,0,0,0,0,0,0,0,0,0,0,0,0,0,0,0,0,0,0,0,0,0,0,0,0,x,0,x,0,0,0,0,0,0,0,0,0,0,0,26,x,x,11,x,0,x,0,0,0,0,x,0,x,0,0,0,0,0,0,0,x,x,x,0,x,x,x,20,11,x,x,10,0,10,x,0,0,x,0,0,0,10,x,0,6,x,0,x
E06000034,LA,883,Thurrock,118,45,37,36,54,x,x,7,x,x,x,0,0,0,34,22,x,x,22,x,x,27,6,10,11,x,0,x,10,x,x,x,x,0,x,22,8,8,6,21,x,x,10,x,x,x,x,0,x,8,x,x,6,x,x,x,103,42,33,28,47,x,x,13,x,x,0,6,x,x,8,x,x,x,x,0,x,9,x,x,x,16,0,16,x,x,0,0,x,0,x,0,0,0,0,0,0,0,0,0,0,0,0,0,0,x,0,x,0,0,0,0,0,0,0,0,0,0,0,0,0,0,0,0,0,0,x,x,0,0,x,0,x,57,17,20,20,x,0,x,0,0,0,0,0,0,0,x,0,x,0,0,0,0,7,x,x,x,x,x,x,x,x,0,x,9,0,9,x,x,x,x,x,0,x,8,x,x,6,x,x,x
E06000019,LA,884,Herefordshire,99,36,28,35,30,x,x,7,x,0,x,0,0,0,15,x,6,x,x,0,x,27,13,6,8,10,x,x,13,x,x,x,x,0,x,25,9,10,6,8,x,x,12,x,x,7,x,x,x,0,0,0,0,0,0,0,91,34,25,32,28,x,x,21,10,x,x,x,0,x,13,x,x,x,x,0,x,8,x,x,0,0,0,0,0,0,0,0,x,0,x,0,0,0,0,0,0,0,0,0,0,0,0,0,0,0,0,0,0,0,0,0,x,0,x,x,0,0,0,x,0,x,0,0,0,0,x,0,x,0,x,0,x,34,12,6,16,9,x,x,0,0,0,0,0,0,0,0,0,0,0,0,0,0,x,x,x,x,x,x,0,x,0,x,0,x,0,x,14,7,x,x,x,x,x,0,0,0,0,0,0,0
E10000034,LA,885,Worcestershire,304,103,104,97,94,6,88,16,x,8,x,x,0,x,46,23,12,11,38,x,x,49,16,15,18,10,0,10,37,12,10,15,x,0,x,77,30,27,20,34,x,x,24,x,12,x,x,0,x,55,13,20,22,x,0,x,233,84,78,71,85,x,x,34,13,12,9,11,x,x,15,x,x,7,x,0,x,16,6,x,x,17,x,x,10,x,x,0,x,x,x,0,0,0,0,0,0,0,0,0,0,0,0,0,0,x,x,0,0,0,0,0,x,0,0,x,0,0,0,x,x,x,x,0,0,0,10,x,x,x,x,0,x,118,39,42,37,25,x,x,x,x,0,0,0,0,0,x,0,0,x,x,0,x,8,x,x,x,x,0,x,17,7,x,x,16,0,16,12,x,x,6,9,x,x,55,13,20,22,x,0,x
E10000016,LA,886,Kent,945,312,303,330,469,28,441,39,11,13,15,6,0,6,148,81,41,26,203,x,x,204,57,66,81,63,x,x,75,27,21,27,16,0,16,163,67,52,44,126,16,110,64,18,26,20,14,x,x,252,51,84,117,41,x,38,638,241,198,199,409,23,386,110,41,34,35,58,17,41,11,x,x,x,9,x,x,83,46,17,20,108,x,x,97,51,32,14,91,x,x,x,x,x,0,x,0,x,7,x,x,x,0,0,0,8,x,x,x,x,0,x,x,0,x,x,x,0,x,19,x,9,x,x,0,x,8,x,0,x,x,0,x,303,83,100,120,96,x,x,x,0,0,x,x,0,x,8,x,x,x,x,x,0,22,x,11,x,8,x,x,8,x,x,0,39,0,39,11,x,x,x,x,x,x,238,45,77,116,40,x,37
E06000035,LA,887,Medway,156,36,46,74,37,x,x,x,x,x,0,0,0,0,22,10,x,x,15,x,x,49,6,13,30,x,0,x,28,7,9,12,x,0,x,31,6,7,18,9,0,9,19,x,x,9,x,0,x,x,0,x,0,0,0,0,140,33,40,67,37,x,x,14,x,x,6,x,x,x,8,x,x,6,x,0,x,14,x,8,x,8,0,8,6,x,x,x,x,0,x,0,0,0,0,0,0,0,0,0,0,0,0,0,0,x,x,0,x,0,0,0,x,x,0,0,0,0,0,x,x,0,0,0,0,0,10,x,x,x,12,0,12,72,11,19,42,x,0,x,x,x,0,0,0,0,0,x,0,0,x,0,0,0,12,x,x,6,0,0,0,9,x,x,x,x,0,x,x,x,x,0,0,0,0,x,0,x,0,0,0,0
E10000017,LA,888,Lancashire,416,141,137,138,120,17,103,27,7,9,11,x,0,x,54,28,16,10,34,6,28,88,31,29,28,16,x,x,39,7,15,17,x,0,x,109,35,38,36,47,7,40,45,19,11,15,11,x,x,54,14,19,21,x,0,x,321,117,97,107,103,12,91,51,19,12,20,28,x,x,13,x,x,x,8,0,8,21,9,x,x,17,x,x,18,10,x,x,10,x,9,0,0,0,0,0,0,0,0,0,0,0,0,0,0,34,18,7,9,x,0,x,x,x,x,x,0,0,0,6,0,x,x,x,0,x,x,x,x,x,x,x,0,141,37,49,55,22,x,x,x,0,x,x,0,0,0,0,0,0,0,0,0,0,24,x,11,7,9,x,x,33,19,x,x,14,0,14,12,x,8,x,x,x,x,54,14,19,21,x,0,x
E06000008,LA,889,Blackburn with Darwen,79,15,29,35,22,7,15,11,x,x,x,x,0,x,8,x,x,x,10,x,x,22,x,x,11,6,x,x,18,x,x,9,0,0,0,11,x,6,x,x,x,x,x,x,x,x,0,0,0,x,0,x,x,0,0,0,70,15,26,29,20,6,14,21,x,x,10,x,x,x,x,0,x,x,x,0,x,9,x,x,x,6,x,x,x,x,x,0,x,x,x,0,0,0,0,0,0,0,0,0,0,0,0,0,0,0,0,0,0,0,0,0,0,0,0,0,0,0,0,0,0,0,0,0,0,0,0,0,0,0,0,0,0,35,x,18,x,x,x,x,0,0,0,0,0,0,0,0,0,0,0,0,0,0,x,0,0,x,x,x,x,x,0,0,x,x,0,x,x,0,x,0,0,0,0,x,0,x,x,0,0,0
E06000009,LA,890,Blackpool,120,45,44,31,44,8,36,11,x,x,x,0,0,0,15,9,x,x,14,x,x,31,10,13,8,x,x,x,13,x,7,x,x,0,x,32,17,9,6,17,x,x,10,x,x,x,x,x,x,8,x,x,x,0,0,0,101,35,38,28,41,7,34,15,7,x,x,6,x,x,6,x,x,x,x,0,x,x,x,0,x,x,0,x,x,x,x,0,0,0,0,0,0,0,0,0,0,0,0,0,0,0,0,0,0,0,0,0,0,0,0,0,0,0,0,0,0,0,0,x,0,x,0,0,0,0,x,x,x,0,0,0,0,60,15,24,21,15,x,x,0,0,0,0,0,0,0,0,0,0,0,0,0,0,10,6,x,x,x,x,x,8,x,x,x,13,0,13,x,x,0,0,x,0,x,8,x,x,x,0,0,0
E10000024,LA,891,Nottinghamshire,300,117,101,82,135,13,122,11,x,x,x,x,0,x,54,27,16,11,58,x,x,80,26,24,30,11,0,11,53,20,22,11,x,0,x,61,24,18,19,37,x,x,0,0,0,0,0,0,0,41,17,16,8,21,8,13,247,97,80,70,107,x,x,31,13,x,x,11,0,11,16,x,9,x,15,x,x,15,9,x,x,34,x,x,38,19,11,8,41,0,41,0,0,0,0,0,0,0,0,0,0,0,0,0,0,19,x,9,x,6,x,x,0,0,0,0,0,0,0,0,0,0,0,0,0,0,0,0,0,0,0,0,0,128,42,46,40,x,0,x,x,0,0,x,0,0,0,0,0,0,0,0,0,0,x,x,x,x,x,x,x,0,0,0,0,0,0,0,7,x,x,x,0,0,0,40,16,15,9,21,8,13
E06000018,LA,892,Nottingham,203,70,56,77,88,x,x,x,x,x,x,0,0,0,19,12,x,x,21,x,x,91,33,26,32,49,x,x,23,8,6,9,x,0,x,31,8,7,16,8,0,8,x,x,x,6,x,0,x,21,x,8,9,x,0,x,166,61,46,59,80,x,x,19,7,x,x,x,x,x,16,x,x,6,8,0,8,8,x,x,x,11,x,x,x,x,0,x,x,0,x,x,0,0,x,0,0,0,0,0,0,0,0,0,0,0,0,0,0,0,0,0,0,0,0,0,0,0,0,x,0,0,x,x,0,x,x,x,0,x,0,0,0,102,34,29,39,37,0,37,0,0,0,0,0,0,0,0,0,0,0,0,0,0,13,x,x,6,x,0,x,7,x,x,0,10,0,10,6,x,x,x,7,0,7,21,x,8,9,x,0,x
E06000051,LA,893,Shropshire,98,31,33,34,19,x,x,x,x,0,x,0,0,0,17,x,8,x,x,x,x,27,10,10,7,x,0,x,x,x,x,x,x,0,x,39,10,12,17,8,x,x,0,0,0,0,0,0,0,7,x,x,x,0,0,0,85,28,28,29,17,x,x,7,x,x,x,x,x,x,6,x,x,x,0,0,0,x,x,x,x,x,x,x,9,x,x,x,x,0,x,0,0,0,0,0,0,0,0,0,0,0,0,0,0,x,0,x,0,0,0,0,0,0,0,0,0,0,0,0,0,0,0,0,0,0,x,x,x,x,x,0,x,56,16,18,22,x,x,x,x,x,0,0,x,0,x,0,0,0,0,0,0,0,x,0,x,x,x,x,x,0,0,0,0,0,0,0,0,0,0,0,0,0,0,7,x,x,x,0,0,0
E06000020,LA,894,Telford and Wrekin,108,45,32,31,41,7,34,6,x,x,x,0,0,0,19,10,x,x,16,x,x,36,16,11,9,x,x,x,24,8,8,8,x,0,x,16,7,x,x,11,x,x,7,x,x,x,x,0,x,0,0,0,0,0,0,0,101,43,30,28,40,6,34,14,x,x,7,6,x,x,x,x,x,x,0,0,0,6,x,x,x,6,x,x,7,x,x,0,x,x,x,0,0,0,0,0,0,0,0,0,0,0,0,0,0,x,x,x,0,0,0,0,x,0,x,0,0,0,0,x,0,0,x,0,0,0,x,x,0,0,x,0,x,53,24,13,16,10,0,10,x,x,0,x,0,0,0,0,0,0,0,0,0,0,x,x,x,x,0,0,0,x,x,x,0,6,0,6,6,x,x,x,x,x,x,0,0,0,0,0,0,0
E06000049,LA,895,Cheshire East,136,45,39,52,34,x,x,12,6,x,x,0,0,0,15,9,x,x,14,0,14,37,11,9,17,x,0,x,25,x,12,x,x,0,x,35,13,11,11,10,x,x,x,x,x,6,x,0,x,x,0,0,x,0,0,0,127,43,36,48,32,x,x,20,9,x,x,x,x,x,11,x,0,x,x,0,x,10,x,x,x,x,0,x,7,x,x,x,8,0,8,x,0,x,0,0,0,0,0,0,0,0,0,0,0,6,0,x,x,x,0,x,x,0,x,0,0,0,0,x,0,0,x,0,0,0,9,x,x,x,x,0,x,56,13,20,23,x,0,x,0,0,0,0,0,0,0,x,0,x,0,0,0,0,x,x,0,0,x,0,x,7,7,0,0,9,0,9,x,0,x,x,x,0,x,x,0,0,x,0,0,0
E06000050,LA,896,Cheshire West and Chester,106,38,34,34,47,x,x,7,x,x,x,x,0,x,16,8,x,x,17,0,17,25,8,9,8,14,0,14,13,x,x,6,x,0,x,27,9,11,7,6,0,6,8,x,x,x,x,x,0,10,x,x,6,0,0,0,90,34,30,26,46,x,x,15,8,x,x,7,0,7,x,x,x,x,x,0,x,x,x,x,x,x,x,x,9,x,x,x,x,0,x,0,0,0,0,0,0,0,0,0,0,0,0,0,0,x,x,x,x,x,0,x,0,0,0,0,0,0,0,x,0,x,0,0,0,0,x,0,x,0,0,0,0,44,13,15,16,14,0,14,0,0,0,0,0,0,0,0,0,0,0,0,0,0,x,0,x,x,0,0,0,8,x,x,x,14,0,14,x,0,x,0,0,0,0,10,x,x,6,0,0,0
E06000052,LA,908,Cornwall,191,56,68,67,84,15,69,x,0,x,x,0,0,0,44,21,14,9,51,8,43,79,19,30,30,x,x,x,14,x,x,x,x,0,x,23,9,x,x,19,6,13,16,x,x,8,0,0,0,x,0,0,x,0,0,0,181,55,63,63,83,15,68,25,6,10,9,15,x,x,9,x,x,x,x,0,x,x,x,0,x,x,0,x,10,x,x,x,22,10,12,0,0,0,0,0,0,0,0,0,0,0,0,0,0,12,x,6,x,0,0,0,0,0,0,0,0,0,0,0,0,0,0,0,0,0,x,x,x,0,x,0,x,105,24,37,44,9,0,9,x,x,0,0,0,0,0,x,0,x,0,0,0,0,0,0,0,0,0,0,0,11,x,x,0,20,0,20,6,x,x,x,8,x,x,x,0,0,x,0,0,0
E10000006,LA,909,Cumbria,153,52,55,46,52,x,x,16,x,x,6,x,0,x,24,x,11,x,24,x,x,41,9,12,20,8,0,8,31,13,12,6,x,0,x,30,14,x,x,9,x,x,x,x,x,x,x,0,x,x,0,0,x,x,0,x,136,49,51,36,47,x,x,32,10,13,9,x,0,x,12,6,x,x,8,x,x,13,x,7,x,x,x,x,20,11,x,x,x,x,x,0,0,0,0,0,0,0,0,0,0,0,0,0,0,21,7,6,8,0,0,0,x,0,0,x,0,0,0,x,x,x,x,0,0,0,x,0,0,x,x,0,x,27,7,12,8,10,0,10,0,0,0,0,0,0,0,0,0,0,0,0,0,0,x,x,0,0,x,x,x,9,x,x,x,19,0,19,9,x,x,6,x,0,x,x,0,0,x,x,0,x
E10000013,LA,916,Gloucestershire,227,79,74,74,80,x,x,13,x,x,x,x,0,x,26,13,x,x,17,x,x,71,19,28,24,28,x,x,26,7,10,9,x,0,x,63,20,18,25,23,0,23,10,x,x,x,x,x,x,18,11,x,6,x,0,x,194,66,67,61,78,x,x,30,10,11,9,16,x,x,14,x,6,x,x,0,x,24,13,x,x,21,0,21,19,x,9,x,x,0,x,0,0,0,0,0,0,0,0,0,0,0,0,0,0,11,x,x,6,x,0,x,0,0,0,0,0,0,0,0,0,0,0,0,0,0,6,x,x,0,x,0,x,70,17,23,30,6,x,x,0,0,0,0,0,0,0,0,0,0,0,0,0,0,10,x,x,x,0,0,0,18,8,x,x,21,0,21,7,0,x,x,x,x,0,18,11,x,6,x,0,x
E10000015,LA,919,Hertfordshire,487,172,145,170,189,14,175,42,16,14,12,x,0,x,84,48,24,12,99,7,92,121,40,33,48,28,x,x,47,8,16,23,x,x,x,152,49,49,54,48,x,x,25,x,x,12,6,0,6,16,x,x,9,x,x,x,422,150,129,143,177,12,165,53,30,12,11,34,10,24,38,15,10,13,18,0,18,52,17,15,20,38,x,x,28,13,x,x,9,0,9,0,0,0,0,0,0,0,0,0,0,0,0,0,0,21,x,x,13,x,0,x,11,x,x,x,x,x,0,13,x,x,6,x,0,x,x,x,x,x,0,0,0,182,48,69,65,6,0,6,x,x,x,0,0,0,0,x,x,0,0,0,0,0,14,x,x,7,x,0,x,25,20,x,x,67,0,67,24,6,7,11,x,x,x,16,x,x,9,x,x,x
E06000046,LA,921,Isle of Wight,90,35,30,25,30,x,x,x,x,0,x,0,0,0,27,14,7,6,13,x,x,26,x,16,x,9,0,9,16,x,x,8,0,0,0,x,x,0,x,8,0,8,9,x,x,x,0,0,0,x,0,x,x,0,0,0,82,33,27,22,30,x,x,19,7,x,x,x,0,x,11,6,x,x,6,0,6,7,x,x,x,0,0,0,10,7,x,x,12,x,x,0,0,0,0,0,0,0,0,0,0,0,0,0,0,x,x,0,0,0,0,0,0,0,0,0,0,0,0,0,0,0,0,0,0,0,x,x,0,x,x,x,x,31,8,11,12,x,0,x,0,0,0,0,0,0,0,0,0,0,0,0,0,0,x,x,x,0,0,0,0,x,0,0,x,x,0,x,x,0,x,0,x,0,x,x,0,x,x,0,0,0
E10000019,LA,925,Lincolnshire,177,61,52,64,93,14,79,x,x,x,x,0,0,0,47,19,15,13,53,7,46,48,19,11,18,x,x,x,25,x,x,12,x,0,x,37,9,13,15,19,x,x,14,7,x,x,0,0,0,x,x,0,x,x,x,x,160,56,49,55,85,11,74,40,15,12,13,18,x,x,13,x,x,6,19,0,19,13,x,6,x,25,6,19,15,7,x,x,10,x,x,x,0,0,x,0,0,0,0,0,0,0,0,0,0,0,0,0,0,0,0,0,x,x,0,x,0,0,0,0,0,0,0,0,0,0,0,0,0,0,x,0,x,61,20,17,24,x,0,x,x,x,0,0,0,0,0,x,0,x,0,0,0,0,6,x,x,x,x,x,x,20,9,x,x,7,0,7,x,x,0,x,0,0,0,x,0,0,x,x,x,x
E10000020,LA,926,Norfolk,460,174,163,123,152,16,136,27,6,10,11,6,0,6,75,35,24,16,55,6,49,110,47,33,30,29,x,x,61,25,26,10,8,x,x,111,36,47,28,39,x,x,27,x,13,x,8,x,x,49,16,10,23,7,x,x,362,140,134,88,124,10,114,37,20,11,6,23,7,16,22,10,x,x,x,0,x,27,12,9,6,17,0,17,23,9,7,7,9,x,x,x,0,x,0,0,0,0,0,0,0,0,0,0,0,x,x,x,0,x,0,x,x,0,x,x,0,0,0,8,x,x,x,x,0,x,21,x,12,x,9,x,x,190,57,77,56,30,x,x,x,x,0,0,x,0,x,0,0,0,0,0,0,0,7,x,x,x,x,0,x,46,23,15,8,34,0,34,24,12,x,x,9,x,x,49,16,10,23,7,x,x
E10000021,LA,928,Northamptonshire,402,136,117,149,61,x,x,14,x,6,x,x,0,x,65,24,17,24,19,x,x,89,30,27,32,10,0,10,16,x,x,6,0,0,0,164,50,48,66,25,x,x,0,0,0,0,0,0,0,54,21,15,18,x,x,x,300,102,87,111,55,x,x,31,9,11,11,x,x,x,15,x,6,x,x,0,x,26,20,x,x,22,0,22,18,x,9,x,9,x,x,0,0,0,0,0,0,0,0,0,0,0,0,0,0,x,0,x,x,0,0,0,0,0,0,0,0,0,0,0,0,0,0,0,0,0,x,0,x,x,0,0,0,188,52,51,85,12,0,12,0,0,0,0,0,0,0,x,0,x,x,0,0,0,22,x,7,9,x,0,x,15,6,x,x,x,0,x,32,13,7,12,x,0,x,48,21,14,13,x,x,x
E06000048,LA,929,Northumberland,88,23,40,25,33,6,27,x,x,x,x,x,0,x,20,x,10,x,13,x,x,18,x,8,x,9,x,x,13,x,x,6,x,0,x,17,8,x,x,x,x,x,9,0,x,x,x,0,x,x,0,x,0,0,0,0,83,23,36,24,33,6,27,12,x,8,x,x,x,x,x,x,x,x,0,0,0,x,x,0,x,x,x,x,x,0,x,0,x,x,x,0,0,0,0,0,0,0,0,0,0,0,0,0,0,x,x,x,0,0,0,0,0,0,0,0,0,0,0,0,0,0,0,0,0,0,x,0,x,x,0,0,0,45,9,18,18,10,x,x,0,0,0,0,0,0,0,0,0,0,0,0,0,0,x,0,x,x,0,0,0,10,x,x,0,12,0,12,x,0,x,x,0,0,0,x,0,x,0,0,0,0
E10000025,LA,931,Oxfordshire,254,69,80,105,92,9,83,x,0,x,x,0,0,0,67,27,26,14,33,x,x,42,8,8,26,23,x,x,26,x,x,12,9,x,x,60,18,16,26,21,x,x,x,x,x,x,x,0,x,45,10,13,22,x,x,x,179,51,58,70,81,7,74,28,10,7,11,12,x,x,9,x,x,x,7,0,7,14,7,x,x,8,0,8,x,0,x,x,x,0,x,0,0,0,0,0,0,0,0,0,0,0,0,0,0,x,x,x,0,x,0,x,0,0,0,0,0,0,0,x,x,0,x,0,0,0,20,8,x,x,14,x,x,88,20,28,40,17,x,x,0,0,0,0,0,0,0,0,0,0,0,0,0,0,11,x,x,7,x,x,x,12,x,6,x,18,0,18,14,x,7,x,x,x,x,45,10,13,22,x,x,x
E10000027,LA,933,Somerset,260,82,83,95,55,x,x,x,0,0,x,0,0,0,48,22,15,11,27,0,27,66,19,22,25,x,x,x,40,15,11,14,6,0,6,64,23,18,23,10,0,10,30,x,13,14,x,x,x,9,0,x,x,0,0,0,231,78,73,80,53,x,x,35,12,9,14,9,0,9,17,11,x,x,x,0,x,33,x,16,x,13,0,13,11,x,x,0,x,0,x,x,0,x,0,0,0,0,0,0,0,0,0,0,0,x,x,x,x,0,0,0,x,0,x,x,0,0,0,x,x,0,x,x,0,x,0,0,0,0,0,0,0,120,26,38,56,9,x,x,0,0,0,0,0,0,0,x,0,x,0,0,0,0,7,x,x,x,x,0,x,11,8,x,x,15,0,15,x,0,x,x,0,0,0,9,0,x,x,0,0,0
E10000029,LA,935,Suffolk,256,77,86,93,72,8,64,12,x,x,x,x,0,x,46,15,16,15,23,x,x,59,15,23,21,10,x,x,38,15,14,9,x,x,x,65,18,21,26,22,x,x,12,6,x,x,x,0,x,24,x,x,15,6,0,6,210,66,70,74,60,6,54,25,9,7,9,12,x,x,21,x,x,9,x,0,x,25,12,6,7,12,x,x,15,8,x,x,x,x,x,0,0,0,0,0,0,0,0,0,0,0,0,0,0,x,0,x,0,x,0,x,0,0,0,0,0,0,0,x,0,0,x,0,0,0,15,x,7,x,10,0,10,94,23,30,41,15,0,15,x,x,0,0,0,0,0,x,x,x,0,x,0,x,11,x,x,x,x,x,x,x,x,0,x,x,0,x,16,x,9,x,x,x,x,24,x,x,15,6,0,6
E10000030,LA,936,Surrey,363,122,127,114,136,x,x,18,x,x,9,x,0,x,88,45,30,13,85,x,x,80,24,29,27,26,x,x,54,12,18,24,x,x,x,68,22,24,22,13,0,13,18,x,x,7,x,x,x,37,8,17,12,x,0,x,306,108,105,93,123,x,x,25,9,7,9,9,x,x,38,13,12,13,11,x,x,66,28,28,10,25,0,25,16,7,x,x,14,0,14,x,0,x,x,x,0,x,x,0,0,x,0,0,0,x,0,x,x,x,x,0,29,8,13,8,x,0,x,x,0,x,x,0,0,0,x,0,0,x,0,0,0,99,29,26,44,x,0,x,x,x,0,x,0,0,0,x,0,0,x,x,0,x,10,x,x,x,x,0,x,53,21,24,8,55,0,55,9,x,x,x,6,x,x,0,0,0,0,0,0,0
E10000031,LA,937,Warwickshire,296,87,106,103,107,9,98,17,9,x,x,x,0,x,35,17,10,8,44,x,x,78,29,25,24,28,x,x,x,x,x,x,x,0,x,76,22,33,21,25,x,x,x,0,x,x,x,x,x,81,8,29,44,0,0,0,190,66,70,54,100,8,92,28,12,x,x,21,x,x,7,x,x,x,x,0,x,8,x,x,x,15,0,15,7,x,x,x,11,x,x,0,0,0,0,0,0,0,0,0,0,0,0,0,0,x,x,0,0,x,0,x,x,x,0,0,0,0,0,x,x,0,0,x,x,x,7,x,x,x,x,0,x,104,32,42,30,30,x,x,x,x,x,0,x,0,x,x,x,x,0,x,0,x,11,x,x,x,x,0,x,14,x,7,x,11,0,11,21,7,7,7,x,0,x,81,8,29,44,0,0,0
E10000032,LA,938,West Sussex,305,112,99,94,136,16,120,14,x,7,x,x,0,x,58,34,14,10,62,x,x,86,24,33,29,16,x,x,47,15,20,12,11,x,x,62,22,16,24,30,x,x,19,x,x,9,x,x,x,19,6,x,8,7,x,x,259,97,87,75,123,11,112,46,13,20,13,18,7,11,33,18,x,x,7,0,7,21,12,x,x,14,0,14,50,19,19,12,27,x,x,0,0,0,0,x,0,x,0,0,0,0,0,0,0,x,x,x,x,x,0,x,14,7,x,x,7,x,x,7,x,x,x,x,0,x,11,6,x,x,15,x,x,70,15,23,32,9,0,9,x,0,x,x,x,0,x,x,x,0,0,0,0,0,11,x,x,7,x,x,x,8,x,x,x,23,0,23,18,8,x,x,7,0,7,9,x,x,7,0,0,0
