LA_order,New_geog_code,geog_l,geog_c,geog_n,CL_All_19to21,CL_All_19,CL_All_20,CL_All_21,CL_Act_HE19to21,CL_Act_HE19,CL_Act_HE20,CL_Act_HE21,CL_Act_OE19to21,CL_Act_OE19,CL_Act_OE20,CL_Act_OE21,CL_Act_TE19to21,CL_Act_TE19,CL_Act_TE20,CL_Act_TE21,CL_Act_NEET_ill19to21,CL_Act_NEET_ill19,CL_Act_NEET_ill20,CL_Act_NEET_ill21,CL_Act_NEET_oth19to21,CL_Act_NEET_oth19,CL_Act_NEET_oth20,CL_Act_NEET_oth21,CL_ACT_NEET_preg19to21,CL_ACT_NEET_preg19,CL_ACT_NEET_preg20,CL_ACT_NEET_preg21,CL_Act_NoInf19to21,CL_Act_NoInf19,CL_Act_NoInf20,CL_Act_NoInf21,CL_Acc_SUIT19to21,CL_Acc_SUIT19,CL_Acc_SUIT20,CL_Acc_SUIT21,CL_Acc_NotSUIT19to21,CL_Acc_NotSUIT19,CL_Acc_NotSUIT20,CL_Acc_NotSUIT21,CL_Acc_NoSUITInfo19to21,CL_Acc_NoSUITInfo19,CL_Acc_NoSUITInfo20,CL_Acc_NoSUITInfo21,CL_Acc_P19to21,CL_Acc_P19,CL_Acc_P20,CL_Acc_P21,CL_Acc_CH19to21,CL_Acc_CH19,CL_Acc_CH20,CL_Acc_CH21,CL_Acc_SITA19to21,CL_Acc_SITA19,CL_Acc_SITA20,CL_Acc_SITA21,CL_Acc_SL19to21,CL_Acc_SL19,CL_Acc_SL20,CL_Acc_SL21,CL_Acc_GA19to21,CL_Acc_GA19,CL_Acc_GA20,CL_Acc_GA21,CL_Acc_Dep19to21,CL_Acc_Dep19,CL_Acc_Dep20,CL_Acc_Dep21,CL_Acc_OL19to21,CL_Acc_OL19,CL_Acc_OL20,CL_Acc_OL21,CL_Acc_NK19to21,CL_Acc_NK19,CL_Acc_NK20,CL_Acc_NK21,CL_Acc_NFA19to21,CL_Acc_NFA19,CL_Acc_NFA20,CL_Acc_NFA21,CL_Acc_F19to21,CL_Acc_F19,CL_Acc_F20,CL_Acc_F21,CL_Acc_IL19to21,CL_Acc_IL19,CL_Acc_IL20,CL_Acc_IL21,CL_Acc_EA19to21,CL_Acc_EA19,CL_Acc_EA20,CL_Acc_EA21,CL_Acc_BB19to21,CL_Acc_BB19,CL_Acc_BB20,CL_Acc_BB21,CL_Acc_Cust19to21,CL_Acc_Cust19,CL_Acc_Cust20,CL_Acc_Cust21,CL_Acc_FFC19to21,CL_Acc_FFC19,CL_Acc_FFC20,CL_Acc_FFC21,CL_Acc_OTH19to21,CL_Acc_OTH19,CL_Acc_OTH20,CL_Acc_OTH21,CL_Acc_NoInf19to21,CL_Acc_NoInf19,CL_Acc_NoInf20,CL_Acc_NoInf21,CL_InTouch_IT19to21,CL_InTouch_IT19,CL_InTouch_IT20,CL_InTouch_IT21,CL_InTouch_Refu19to21,CL_InTouch_Refu19,CL_InTouch_Refu20,CL_InTouch_Refu21,CL_InTouch_NoServ19to21,CL_InTouch_NoServ19,CL_InTouch_NoServ20,CL_InTouch_NoServ21,CL_InTouch_Not19to21,CL_InTouch_Not19,CL_InTouch_Not20,CL_InTouch_Not21,CL_StayPut_19&20,CL_StayPut_19,CL_StayPut_20,CL_StayPut_FFC_19&20,CL_StayPut_FFC_19,CL_StayPut_FFC_20
1,E92000001,NATIONAL,999,ENGLAND,27010,9460,9030,8510,1640,490,540,620,5090,2650,1470,970,6670,2120,2300,2250,2850,810,1050,990,6140,2210,2100,1830,1880,530,670,690,2740,670,890,1180,22180,8100,7410,6660,1760,580,630,560,2590,630,830,1130,3200,1180,1120,900,1230,440,440,360,3060,1500,990,580,1300,640,420,240,40,10,10,10,60,20,30,20,550,190,170,180,380,120,130,130,300,100,110,90,620,270,210,140,9600,2620,3240,3740,110,50,40,30,50,20,10,20,1030,320,370,330,1940,1030,590,320,970,350,330,300,2590,630,830,1130,23780,8660,7990,7130,440,100,160,190,670,140,200,330,2120,570,690,860,5910,3170,2740,1490,940,550
3,E12000001,REGION,A,NORTH EAST,1320,480,400,440,100,40,20,40,190,110,40,40,380,140,120,120,180,50,60,70,280,90,90,100,120,30,40,40,80,20,30,40,1180,440,360,390,50,20,20,20,80,20,30,40,220,80,70,70,40,10,10,10,80,40,30,20,90,50,20,20,x,x,0,0,0,0,0,0,40,10,10,20,x,x,x,x,x,x,x,x,40,20,10,10,520,150,160,210,x,x,x,0,x,0,0,x,40,10,20,20,120,70,30,20,40,10,20,10,80,20,30,40,1220,450,370,400,10,x,x,x,30,x,10,10,70,20,20,30,270,150,120,80,50,30
17,E12000002,REGION,B,NORTH WEST,3450,1160,1200,1100,220,60,80,80,550,290,150,110,910,280,320,310,490,140,180,170,780,260,280,240,310,80,120,110,210,60,60,80,2970,1020,1030,930,250,80,90,80,200,60,60,80,650,240,220,190,170,60,60,60,190,90,60,40,200,100,60,40,x,0,x,x,0,0,0,0,130,40,40,50,30,10,10,10,30,10,10,10,50,20,20,10,1240,330,440,470,20,x,10,x,x,x,0,x,140,40,50,50,310,140,120,50,80,30,30,30,200,60,60,80,3190,1090,1120,990,30,10,10,20,20,10,x,10,210,60,70,80,780,390,390,250,130,110
42,E12000003,REGION,C,YORKSHIRE AND THE HUMBER,2160,720,720,710,140,50,50,40,370,190,110,70,570,170,190,210,270,70,100,100,430,140,160,130,200,60,50,90,180,40,70,70,1830,640,600,590,130,40,50,40,180,40,70,70,260,80,90,80,160,70,60,30,140,60,60,30,100,50,30,20,x,x,x,0,0,0,0,0,20,10,x,10,20,10,x,10,10,x,x,x,30,10,10,10,870,240,270,360,10,x,x,x,x,x,0,0,90,20,40,30,180,100,50,30,90,30,30,30,180,40,70,70,1950,680,640,630,20,x,10,10,30,x,20,10,150,30,60,60,490,270,220,140,100,50
59,E12000004,REGION,D,EAST MIDLANDS,1920,700,640,590,80,30,30,30,340,180,90,60,530,200,180,160,240,70,80,90,400,140,150,110,100,20,40,40,240,60,80,100,1540,590,500,450,100,30,40,30,230,60,80,100,170,60,60,50,110,50,30,40,190,100,50,40,140,80,40,20,x,x,x,x,0,0,0,0,20,x,10,x,40,10,20,10,10,x,x,x,20,10,x,x,730,210,260,260,x,0,x,0,x,x,0,x,70,20,30,20,100,60,30,20,80,30,20,20,230,60,80,100,1630,620,540,470,20,10,x,10,100,20,20,60,170,50,70,50,370,210,160,80,50,30
70,E12000005,REGION,E,WEST MIDLANDS,3060,1050,990,1010,190,50,60,70,500,260,140,100,710,240,240,230,290,90,110,100,770,280,270,220,260,80,80,100,350,60,90,200,2470,910,820,750,210,70,70,70,350,60,90,200,380,160,130,90,130,40,50,40,200,100,60,40,90,40,30,20,x,0,x,x,x,0,x,0,30,10,10,10,30,10,10,10,40,10,10,20,70,30,20,30,1240,400,410,430,10,10,x,x,x,0,x,0,110,40,40,30,200,100,70,40,180,70,50,60,350,60,90,200,2650,980,880,790,70,10,20,40,70,10,20,40,270,50,70,140,600,320,280,150,90,60
86,E12000006,REGION,F,EAST OF ENGLAND,2750,950,940,860,160,50,50,60,530,280,160,90,700,210,260,230,310,90,120,100,640,220,200,210,200,50,80,70,230,60,70,100,2280,800,790,690,210,80,60,60,220,60,70,100,300,110,120,70,150,40,70,30,240,130,70,40,110,50,40,30,x,x,0,x,x,x,x,x,70,20,30,20,40,10,20,10,60,30,20,20,90,40,30,20,980,260,330,390,10,x,x,x,10,x,x,x,90,30,40,30,210,110,70,30,150,50,50,50,220,60,70,100,2470,870,850,750,30,x,10,10,30,10,10,10,230,60,70,90,610,330,290,170,110,60
99,E12000007,REGION,G,LONDON,5850,2080,2010,1760,490,130,160,190,1380,690,420,280,1170,360,420,390,260,70,110,90,1540,560,540,450,320,90,120,110,700,190,250,260,4620,1710,1580,1330,390,130,140,120,630,170,220,240,460,170,170,130,160,60,50,50,1360,660,450,250,190,80,80,40,10,x,x,x,50,10,20,20,80,20,30,30,160,60,40,50,40,10,10,10,80,30,30,20,1810,450,630,730,20,10,x,10,10,x,x,10,300,100,110,90,340,180,110,50,160,50,50,50,630,170,220,240,5000,1850,1720,1440,90,20,40,30,180,50,60,70,590,170,190,230,1290,690,600,270,170,100
100,E12000007,REGION,H,INNER LONDON,2550,920,880,750,240,70,80,80,530,260,160,100,530,180,190,170,100,30,40,30,710,240,260,220,150,50,50,40,290,80,110,110,1990,750,690,550,220,70,80,70,240,70,80,90,200,70,80,50,70,20,20,30,740,340,260,140,80,40,30,10,x,0,x,0,20,x,10,10,20,x,10,10,80,30,20,30,10,x,x,x,50,20,20,10,610,130,210,270,10,x,x,10,x,0,x,x,170,60,60,60,170,100,50,20,90,30,30,30,240,70,80,90,2220,820,770,630,40,10,20,10,90,30,30,30,200,60,60,80,570,300,270,140,90,50
115,E12000007,REGION,I,OUTER LONDON,3300,1160,1130,1010,250,60,90,110,860,430,260,170,630,180,230,220,160,40,70,50,830,320,280,230,170,40,60,60,400,100,140,150,2620,950,890,780,170,60,70,50,390,100,140,150,270,100,90,80,90,40,30,20,620,320,190,110,120,40,50,20,10,x,x,x,30,10,10,10,60,20,20,20,70,30,20,20,30,10,10,10,30,10,10,x,1200,320,420,460,10,10,x,x,10,x,x,x,130,40,50,40,170,80,60,30,60,20,20,20,390,100,140,150,2780,1030,950,810,40,10,20,10,90,20,40,40,390,110,130,150,720,390,340,130,80,50
136,E12000008,REGION,J,SOUTH EAST,3920,1460,1270,1190,190,60,60,70,810,440,230,130,950,310,330,310,420,130,140,150,790,320,260,220,230,70,90,80,550,140,170,230,3100,1230,1000,870,260,80,90,80,500,130,160,210,450,170,150,130,180,60,70,50,400,210,130,70,230,130,70,30,10,x,x,x,10,x,x,0,130,60,30,30,50,10,20,20,60,20,20,20,160,70,50,30,1270,360,440,470,20,10,x,x,10,x,x,10,110,30,40,40,250,150,50,40,100,40,40,30,500,130,160,210,3330,1310,1080,940,130,40,40,50,180,40,50,100,280,80,100,100,880,490,390,180,140,50
157,E12000009,REGION,K,SOUTH WEST,2570,860,860,850,90,30,40,30,430,210,130,80,750,220,250,290,410,120,160,130,520,190,170,160,170,50,60,60,200,40,60,100,2190,770,730,690,170,50,60,60,190,40,60,90,310,120,110,80,140,50,40,50,250,120,80,60,140,70,50,20,x,0,0,x,x,0,0,x,40,20,10,10,20,x,10,10,50,10,20,20,90,40,30,20,940,220,310,410,10,x,10,x,x,x,x,0,70,20,20,30,230,120,70,30,100,40,40,30,190,40,60,90,2340,810,790,740,50,10,20,20,30,x,10,20,160,40,50,80,630,330,290,180,110,70
102,E09000001,LA,201,City of London,6,x,x,x,0,0,0,0,x,x,x,x,0,0,0,0,0,0,0,0,x,x,0,0,0,0,0,0,0,0,0,0,x,x,x,x,x,x,0,0,0,0,0,0,0,0,0,0,0,0,0,0,x,0,x,x,x,x,0,0,0,0,0,0,0,0,0,0,0,0,0,0,x,x,0,0,0,0,0,0,0,0,0,0,x,0,x,0,0,0,0,0,0,0,0,0,x,x,0,0,0,0,0,0,0,0,0,0,0,0,0,0,6,x,x,x,0,0,0,0,0,0,0,0,0,0,0,0,x,x,0,0,0,0
101,E09000007,LA,202,Camden,140,45,53,42,8,x,x,x,40,16,14,10,30,6,11,13,13,x,x,x,25,10,9,6,6,x,x,x,18,x,x,7,108,36,40,32,14,x,6,x,18,x,x,7,14,6,x,x,9,x,x,x,63,22,25,16,8,x,x,x,0,0,0,0,0,0,0,0,x,0,x,0,0,0,0,0,0,0,0,0,x,0,x,0,13,0,x,x,0,0,0,0,0,0,0,0,8,x,x,x,0,0,0,0,x,x,x,0,18,x,x,7,122,x,46,x,0,0,0,0,18,x,x,7,0,0,0,0,24,9,15,0,0,0
124,E09000011,LA,203,Greenwich,194,60,72,62,20,x,x,9,54,26,18,10,45,14,13,18,12,x,6,x,46,13,19,14,8,0,x,x,9,x,x,x,170,51,68,51,15,7,x,x,9,x,x,6,20,9,x,x,11,x,x,x,50,20,19,11,x,x,x,0,0,0,0,0,0,0,0,0,0,0,0,0,0,0,0,0,0,0,0,0,x,x,0,x,70,10,31,29,0,0,0,0,0,0,0,0,15,7,x,x,12,x,x,x,x,0,x,0,9,x,x,6,185,x,x,56,0,0,0,0,0,0,0,0,9,x,x,6,46,20,26,8,x,x
103,E09000012,LA,204,Hackney,183,65,72,46,17,x,x,x,47,22,17,8,53,21,18,14,x,0,x,x,31,12,12,7,x,x,7,x,22,x,10,x,139,56,56,27,20,x,x,9,23,x,10,x,15,8,x,x,x,0,x,x,84,36,38,10,x,0,x,0,0,0,0,0,x,0,0,x,0,0,0,0,0,0,0,0,0,0,0,0,0,0,0,0,17,x,x,7,x,x,0,x,0,0,0,0,20,x,x,9,10,6,x,x,x,x,x,x,23,x,10,x,160,x,62,x,x,x,0,0,x,x,x,x,17,x,x,x,31,20,11,8,x,x
104,E09000013,LA,205,Hammersmith and Fulham,136,42,41,53,9,x,x,6,23,x,9,x,27,x,x,11,x,x,x,0,68,18,22,28,x,x,x,x,x,0,0,x,94,32,29,33,20,x,8,x,x,x,0,x,8,x,x,x,0,0,0,0,50,21,12,17,x,x,x,x,0,0,0,0,x,x,x,x,x,0,0,x,17,x,x,11,x,x,x,0,0,0,0,0,23,x,x,11,0,0,0,0,0,0,0,0,11,x,x,x,8,x,x,0,x,0,x,x,x,x,0,x,x,x,41,x,0,0,0,0,0,0,0,0,x,x,0,x,22,11,11,7,x,x
106,E09000019,LA,206,Islington,223,100,69,54,19,x,8,x,57,35,16,6,37,19,11,7,13,x,x,6,58,22,22,14,20,11,x,x,19,x,x,12,183,85,59,39,18,x,8,x,20,x,x,12,18,8,8,x,x,x,0,x,53,35,14,x,8,x,x,x,0,0,0,0,0,0,0,0,7,0,x,x,x,x,0,0,x,x,0,0,0,0,0,0,56,16,21,19,0,0,0,0,0,0,0,0,17,x,8,x,19,11,x,x,19,x,8,x,20,x,x,12,195,90,x,x,x,x,x,x,x,0,0,x,21,x,0,x,61,37,24,14,x,x
107,E09000020,LA,207,Kensington and Chelsea,103,41,28,34,x,0,x,x,34,20,x,x,16,x,x,7,x,x,x,0,25,11,10,x,x,0,0,x,12,x,x,x,84,35,23,26,x,x,x,x,12,x,x,x,x,x,x,x,x,0,x,x,56,27,17,12,0,0,0,0,0,0,0,0,0,0,0,0,0,0,0,0,x,x,0,0,0,0,0,0,x,0,0,x,12,0,x,x,0,0,0,0,x,0,0,x,x,x,x,0,6,x,x,0,x,x,0,x,12,x,x,x,91,x,x,x,x,0,0,x,x,x,x,0,x,x,x,x,22,15,7,x,x,x
108,E09000022,LA,208,Lambeth,294,95,105,94,25,x,x,8,39,17,13,9,55,15,17,23,8,x,x,x,117,38,44,35,8,x,x,x,42,13,18,11,217,73,72,72,35,9,15,11,x,0,0,x,14,x,6,x,x,0,x,x,31,16,8,7,8,x,x,0,0,0,0,0,x,0,x,x,0,0,0,0,36,13,16,7,0,0,0,0,9,x,x,0,129,34,41,54,0,0,0,0,0,0,0,0,33,9,15,9,15,7,x,x,11,x,x,x,x,0,0,x,245,81,85,79,0,0,0,0,0,0,0,0,49,14,20,15,49,25,24,12,6,6
109,E09000023,LA,209,Lewisham,239,83,80,76,22,x,x,8,27,14,7,6,44,10,21,13,16,7,x,x,63,23,15,25,18,x,9,x,49,18,16,15,169,57,58,54,21,8,6,7,49,18,16,15,16,x,6,x,x,x,x,x,57,27,21,9,16,x,6,x,0,0,0,0,0,0,0,0,x,0,0,x,0,0,0,0,x,x,0,0,x,0,x,0,60,10,21,29,6,x,x,x,0,0,0,0,11,x,x,x,17,9,x,x,x,0,0,x,49,18,16,15,190,65,64,61,x,0,x,0,35,x,10,x,x,x,x,x,63,31,32,14,x,x
111,E09000028,LA,210,Southwark,271,96,97,78,15,x,x,x,58,31,15,12,61,20,24,17,7,x,x,x,85,32,29,24,14,x,8,x,31,6,11,14,216,80,80,56,24,10,6,8,30,6,11,13,31,12,12,7,8,x,x,x,62,27,24,11,x,x,x,0,0,0,0,0,x,0,0,x,x,x,0,x,0,0,0,0,x,x,x,x,7,x,x,x,64,15,22,27,0,0,0,0,0,0,0,0,19,9,x,x,30,16,x,x,9,x,x,x,30,6,11,13,237,90,86,61,x,0,x,x,0,0,0,0,x,6,x,x,82,35,47,26,15,11
112,E09000030,LA,211,Tower Hamlets,212,72,76,64,22,x,x,9,52,26,x,x,50,10,23,17,x,x,x,0,53,16,22,15,29,8,7,14,x,0,0,x,175,61,63,51,17,x,7,x,0,0,0,0,27,7,9,11,15,9,x,x,64,19,29,16,x,x,x,0,x,0,x,0,x,0,x,x,0,0,0,0,17,x,x,7,0,0,0,0,6,0,x,x,40,11,14,15,x,0,0,x,x,0,x,0,10,x,x,x,13,10,x,x,10,x,x,x,0,0,0,0,195,64,x,x,0,0,0,0,0,0,0,0,17,8,x,x,41,20,21,12,x,x
113,E09000032,LA,212,Wandsworth,133,47,50,36,10,x,x,x,28,10,10,8,25,10,8,7,9,x,x,x,53,18,22,13,0,0,0,0,8,x,x,x,113,40,41,32,12,6,x,x,8,x,x,x,8,x,x,x,11,x,x,x,21,10,9,x,x,0,0,x,0,0,0,0,0,0,0,0,x,0,x,0,0,0,0,0,0,0,0,0,17,8,x,x,49,9,20,20,0,0,0,0,0,0,0,0,12,6,x,x,x,x,0,0,0,0,0,0,8,x,x,x,124,x,x,x,x,0,x,x,x,0,x,x,x,x,x,x,18,11,7,x,x,0
114,E09000033,LA,213,Westminster,122,45,35,42,12,6,x,x,25,x,12,x,29,13,7,9,x,0,0,x,32,9,9,14,x,x,0,0,17,x,x,6,99,40,29,30,10,x,x,6,0,0,0,0,12,x,x,x,x,0,x,x,41,20,13,8,7,x,x,x,x,0,x,0,6,x,x,x,x,0,0,x,6,x,x,x,0,0,0,0,x,0,0,x,16,x,x,8,0,0,0,0,0,0,0,0,8,x,x,x,12,x,6,x,6,x,0,x,0,0,0,0,105,x,x,36,0,0,0,0,0,0,0,0,17,x,x,6,32,14,18,10,x,x
116,E09000002,LA,301,Barking and Dagenham,167,48,53,66,x,0,0,x,79,27,22,30,x,x,x,x,0,0,0,0,34,x,17,x,8,x,x,x,37,x,x,18,124,39,38,47,6,x,x,x,37,8,11,18,17,x,x,6,0,0,0,0,x,x,x,x,x,x,x,0,0,0,0,0,0,0,0,0,0,0,0,0,0,0,0,0,0,0,0,0,10,x,x,x,61,14,18,29,0,0,0,0,0,0,0,0,6,x,x,x,26,12,7,7,0,0,0,0,37,8,11,18,130,40,42,48,0,0,0,0,0,0,0,0,37,8,11,18,23,13,10,16,10,6
117,E09000003,LA,302,Barnet,176,58,65,53,20,x,x,8,43,21,14,8,24,6,7,11,10,x,x,x,43,17,16,10,9,x,x,x,27,x,13,x,147,53,52,42,x,x,0,x,27,x,13,x,9,x,x,x,x,x,x,x,11,x,x,x,7,x,x,0,0,0,0,0,0,0,0,0,6,x,x,x,0,0,0,0,0,0,0,0,0,0,0,0,88,31,28,29,x,x,x,x,0,0,0,0,0,0,0,0,10,x,x,x,8,x,x,x,27,x,13,x,149,x,52,x,6,0,x,x,12,x,7,x,9,x,x,x,35,15,20,6,x,x
118,E09000004,LA,303,Bexley,114,35,40,39,x,x,x,x,22,15,x,x,31,x,x,12,x,0,x,x,32,9,12,11,16,x,x,9,0,0,0,0,98,29,33,36,x,0,x,0,0,0,0,0,17,x,x,6,x,x,x,x,6,x,x,x,x,x,x,0,0,0,0,0,13,x,x,x,x,x,0,x,x,x,0,0,0,0,0,0,0,0,0,0,60,13,20,27,x,x,x,0,0,0,0,0,x,0,x,0,x,x,x,0,0,0,0,0,0,0,0,0,100,x,34,x,x,x,0,x,x,x,x,0,x,x,x,x,22,12,10,x,x,x
119,E09000005,LA,304,Brent,203,72,71,60,25,x,11,x,35,20,8,7,42,14,12,16,6,x,x,x,51,19,17,15,11,x,x,x,33,12,13,8,152,56,51,45,17,x,x,8,31,13,12,6,20,x,8,x,x,x,x,x,23,17,x,x,x,0,0,x,0,0,0,0,x,x,x,x,0,0,0,0,0,0,0,0,6,0,x,x,0,0,0,0,90,25,31,34,x,x,0,0,0,0,0,0,10,x,x,x,12,6,x,x,0,0,0,0,31,13,12,6,163,56,57,50,15,x,7,x,0,0,0,0,25,x,7,x,50,25,25,11,x,x
120,E09000006,LA,305,Bromley,151,41,54,56,9,x,x,x,24,11,6,7,37,x,20,x,7,x,x,x,32,10,8,14,11,x,x,x,31,9,6,16,112,31,43,38,8,x,x,x,31,9,6,16,16,6,x,x,6,x,x,x,15,8,x,x,13,x,8,x,0,0,0,0,0,0,0,0,0,0,0,0,0,0,0,0,0,0,0,0,x,x,0,0,56,7,19,30,0,0,0,0,x,x,0,x,6,0,x,x,x,x,x,0,x,0,x,0,31,9,6,16,120,32,48,40,x,x,0,x,x,x,x,x,24,x,x,x,22,11,11,x,x,x
121,E09000008,LA,306,Croydon,602,227,196,179,49,x,x,20,182,86,48,48,86,27,33,26,15,x,x,x,158,63,55,40,13,x,x,x,99,30,34,35,449,173,143,133,33,x,15,x,99,30,34,35,29,12,9,8,x,0,x,x,10,x,x,x,12,x,x,x,x,0,0,x,0,0,0,0,8,x,x,x,20,10,x,x,6,x,x,x,x,x,0,0,368,140,116,112,x,x,x,0,x,0,x,0,18,9,x,x,16,7,x,x,x,x,x,x,99,30,34,35,503,197,162,144,0,0,0,0,0,0,0,0,99,30,34,35,193,111,82,13,7,6
122,E09000009,LA,307,Ealing,177,54,66,57,13,x,x,x,49,22,17,10,47,9,18,20,11,x,x,x,30,10,10,10,8,x,x,x,19,x,8,x,145,48,54,43,12,x,x,7,19,x,8,x,31,10,9,12,x,x,x,x,54,21,23,10,x,x,0,x,0,0,0,0,0,0,0,0,9,x,x,x,x,x,0,0,0,0,0,0,0,0,0,0,29,x,x,15,0,0,0,0,0,0,0,0,12,x,x,7,12,6,x,x,0,0,0,0,19,x,8,x,158,x,58,x,x,x,0,0,x,x,x,x,12,x,x,x,33,18,15,9,x,x
123,E09000010,LA,308,Enfield,181,82,50,49,16,x,6,x,36,24,x,x,38,16,11,11,14,7,x,x,62,29,16,17,9,x,x,6,6,0,x,x,152,70,43,39,10,7,x,x,6,0,x,x,12,8,x,x,6,x,x,x,52,36,10,6,x,x,x,0,0,0,0,0,0,0,0,0,x,x,0,x,13,x,x,x,x,0,0,x,x,x,0,0,51,9,21,21,x,x,0,0,0,0,0,0,8,x,x,x,19,10,x,x,x,x,x,x,6,0,x,x,149,71,43,35,x,x,x,x,x,0,0,x,23,x,x,8,38,23,15,14,x,x
105,E09000014,LA,309,Haringey,247,87,89,71,32,15,8,9,38,20,12,6,47,16,16,15,12,x,x,x,58,17,24,17,10,x,x,x,50,13,20,17,184,70,64,50,13,x,x,x,50,13,20,17,15,x,8,x,6,x,x,x,47,26,13,8,x,x,x,0,0,0,0,0,0,0,0,0,x,x,x,0,0,0,0,0,0,0,0,0,x,x,x,0,74,21,24,29,x,x,0,0,0,0,0,0,12,x,x,x,10,x,x,0,20,x,x,8,50,13,20,17,197,74,69,54,24,x,11,x,14,x,x,6,12,6,x,x,41,24,17,7,x,x
125,E09000015,LA,310,Harrow,106,38,38,30,11,0,x,x,26,15,x,x,30,10,7,13,x,x,x,x,18,x,9,x,x,x,x,x,11,x,x,0,92,30,33,29,x,x,0,x,9,x,x,0,11,x,x,x,x,x,x,x,36,19,9,8,x,0,x,0,0,0,0,0,x,x,0,0,0,0,0,0,0,0,0,0,0,0,0,0,0,0,0,0,28,x,13,x,0,0,0,0,0,0,0,0,x,x,0,x,x,x,0,0,8,0,x,x,9,x,x,0,95,32,x,x,x,0,x,0,0,0,0,0,x,x,x,0,15,9,6,x,x,0
126,E09000016,LA,311,Havering,108,48,39,21,x,x,0,x,31,18,x,x,26,7,11,8,9,x,x,x,16,8,x,x,16,x,7,x,x,x,x,x,96,42,35,19,x,x,x,x,9,x,x,x,x,x,x,x,7,x,x,x,22,16,x,x,x,x,x,0,0,0,0,0,0,0,0,0,0,0,0,0,0,0,0,0,0,0,0,0,0,0,0,0,45,12,19,14,0,0,0,0,0,0,0,0,x,x,x,x,8,x,x,0,6,x,x,x,9,x,x,x,95,x,33,x,x,x,x,0,x,x,x,0,7,x,x,x,20,11,9,8,x,x
127,E09000017,LA,312,Hillingdon,292,89,118,85,24,x,x,15,89,37,36,16,50,13,25,12,16,x,x,x,70,21,27,22,14,x,x,x,29,7,12,10,232,74,93,65,21,x,10,x,24,x,10,x,22,7,9,6,x,x,0,0,41,19,16,6,16,7,x,x,0,0,0,0,x,0,x,x,12,x,x,7,11,x,x,x,7,x,x,x,x,x,x,0,124,29,54,41,0,0,0,0,0,0,0,0,14,x,8,x,6,x,x,x,6,x,x,x,24,x,10,x,251,78,101,72,x,x,0,x,x,x,0,x,34,x,17,x,37,19,18,x,x,x
128,E09000018,LA,313,Hounslow,191,71,63,57,10,x,x,x,36,17,x,x,36,12,11,13,8,x,x,x,73,32,21,20,8,x,x,x,20,x,x,9,141,55,46,40,16,x,7,x,20,x,x,9,16,x,x,6,x,x,0,x,80,36,25,19,12,x,x,x,x,0,x,0,0,0,0,0,x,x,x,0,13,x,x,6,x,x,x,x,0,0,0,0,16,x,x,9,0,0,0,0,x,x,x,x,7,x,x,0,x,x,x,0,8,x,x,x,20,x,x,9,157,x,49,x,x,x,x,x,19,x,x,9,x,x,x,x,32,19,13,x,x,x
129,E09000021,LA,314,Kingston upon Thames,77,26,29,22,x,0,x,x,30,15,x,x,12,x,x,7,x,x,x,0,11,x,x,x,x,0,x,0,15,x,x,7,59,22,23,14,x,x,0,x,15,x,x,7,7,x,x,x,x,x,x,0,24,11,x,x,10,x,6,x,0,0,0,0,0,0,0,0,0,0,0,0,x,x,0,0,0,0,0,0,0,0,0,0,8,x,x,x,x,x,0,0,0,0,0,0,x,x,0,x,x,x,x,0,x,x,x,0,15,x,x,7,62,x,23,x,x,0,x,0,x,x,x,x,x,0,0,x,11,x,x,x,x,x
130,E09000024,LA,315,Merton,120,44,43,33,9,x,x,x,31,19,x,x,32,7,13,12,x,0,x,0,26,10,8,8,x,x,x,x,14,x,x,7,100,38,38,24,x,x,x,x,11,x,x,7,9,x,x,x,x,x,x,0,52,26,19,7,x,x,0,x,x,x,x,0,x,x,x,0,x,0,0,x,x,0,0,x,x,0,x,0,x,0,x,0,24,x,x,12,0,0,0,0,0,0,0,0,x,x,0,x,0,0,0,0,x,x,x,0,11,x,x,7,105,x,x,26,0,0,0,0,7,x,x,x,8,x,x,x,22,12,10,0,0,0
110,E09000025,LA,316,Newham,240,98,81,61,33,10,12,11,55,31,14,10,58,23,21,14,9,x,x,x,43,15,15,13,19,x,8,x,23,10,x,x,208,86,71,51,9,x,x,x,23,10,6,7,15,x,8,x,x,0,x,x,104,54,34,16,x,6,x,x,0,0,0,0,0,0,0,0,0,0,0,0,0,0,0,0,0,0,0,0,0,0,0,0,56,9,20,27,0,0,0,0,0,0,0,0,9,x,x,x,21,13,x,x,x,0,x,0,23,10,6,7,217,88,75,54,x,x,x,0,x,x,x,x,14,x,x,x,79,48,31,19,13,6
131,E09000026,LA,317,Redbridge,120,46,39,35,8,x,x,x,25,11,x,x,24,x,x,9,x,0,x,x,54,24,17,13,x,x,x,x,x,0,0,x,90,33,30,27,9,x,x,x,x,0,0,x,7,x,x,x,x,x,x,0,55,24,17,14,6,x,x,x,x,x,0,x,x,x,x,x,x,0,x,x,11,x,x,x,0,0,0,0,0,0,0,0,8,0,x,x,0,0,0,0,x,0,0,x,9,x,x,x,7,x,x,x,x,0,0,x,x,0,0,x,110,x,x,x,0,0,0,0,0,0,0,0,10,x,x,x,34,16,18,x,x,x
132,E09000027,LA,318,Richmond upon Thames,54,21,19,14,x,x,x,x,13,x,x,x,11,x,x,x,6,x,x,x,16,9,x,x,x,x,x,x,x,x,0,0,52,20,18,14,0,0,0,0,x,x,0,0,x,x,x,0,x,x,x,x,22,12,x,x,x,x,x,0,x,0,x,0,0,0,0,0,0,0,0,0,0,0,0,0,0,0,0,0,0,0,0,0,15,x,x,8,0,0,0,0,0,0,0,0,0,0,0,0,x,x,x,x,0,0,0,0,x,x,0,0,x,x,19,14,0,0,0,0,0,0,0,0,x,x,0,0,14,x,x,x,x,x
133,E09000029,LA,319,Sutton,97,45,23,29,6,x,x,x,18,13,x,x,24,13,6,x,8,x,x,x,19,8,x,x,8,x,x,x,14,x,x,7,78,40,16,22,x,x,x,0,15,x,x,7,8,x,x,x,x,x,0,0,24,18,x,x,x,x,0,0,0,0,0,0,0,0,0,0,16,x,x,9,0,0,0,0,x,x,0,0,x,x,0,0,15,x,x,x,0,0,0,0,x,0,x,x,x,0,x,0,x,x,x,x,x,x,x,x,15,x,x,7,78,x,x,19,x,0,0,x,0,0,0,0,x,x,x,x,24,16,8,x,x,x
134,E09000031,LA,320,Waltham Forest,172,59,53,60,16,x,x,x,34,24,x,x,34,8,14,12,10,x,x,8,37,14,10,13,13,x,x,7,28,6,14,8,135,50,37,48,7,x,x,x,27,6,13,8,9,x,x,x,x,x,0,x,42,25,6,11,x,0,x,x,0,0,0,0,x,0,x,0,0,0,0,0,x,x,x,0,0,0,0,0,8,x,x,0,43,x,x,25,0,0,0,0,0,0,0,0,7,x,x,x,21,10,x,x,x,x,0,x,27,6,13,8,117,48,33,36,0,0,0,0,14,x,x,x,41,x,x,x,51,23,28,19,10,9
71,E08000025,LA,330,Birmingham,669,246,204,219,49,16,13,20,117,66,30,21,131,44,36,51,58,17,17,24,167,65,62,40,63,22,18,23,84,16,28,40,542,208,162,172,42,22,13,7,84,16,28,40,95,46,22,27,51,19,18,14,43,18,17,8,6,0,x,x,0,0,0,0,0,0,0,0,x,0,x,x,x,0,x,0,x,x,x,0,6,x,x,x,261,85,85,91,x,0,x,x,0,0,0,0,33,18,9,6,53,31,10,12,28,x,x,11,84,16,28,40,585,230,176,179,25,x,x,13,36,7,14,15,23,x,x,12,129,79,50,38,28,10
72,E08000026,LA,331,Coventry,228,70,79,79,10,x,x,x,32,16,6,10,55,18,21,16,8,0,x,x,91,27,34,30,22,x,x,11,10,x,x,x,197,63,69,65,15,x,x,9,10,x,x,x,27,7,14,6,x,x,x,x,49,25,15,9,x,0,0,x,0,0,0,0,0,0,0,0,x,0,x,x,6,x,x,x,x,x,x,x,x,0,x,x,85,19,27,39,x,0,0,x,0,0,0,0,8,x,x,x,24,10,x,x,0,0,0,0,10,x,x,x,212,x,x,71,x,0,x,x,x,0,x,x,10,x,x,x,51,25,26,18,10,8
73,E08000027,LA,332,Dudley,164,73,52,39,13,x,6,x,30,19,x,x,55,24,18,13,20,x,8,x,27,15,x,x,9,x,x,x,10,x,x,x,144,60,50,34,7,x,0,x,10,x,x,x,34,19,x,x,x,x,x,0,x,x,0,x,x,x,x,x,x,0,0,x,0,0,0,0,0,0,0,0,x,x,0,0,0,0,0,0,x,x,0,0,64,22,25,17,x,x,0,0,0,0,0,0,6,x,0,x,26,13,x,x,6,0,x,x,10,x,x,x,154,x,x,x,x,x,0,0,0,0,0,0,x,x,x,x,40,24,16,21,13,8
75,E08000028,LA,333,Sandwell,165,54,59,52,12,x,x,6,22,13,x,x,33,13,12,8,12,x,6,x,36,x,22,x,6,x,x,x,44,6,10,28,105,43,41,21,15,x,7,x,44,6,10,28,25,x,13,x,x,x,x,0,25,15,x,x,7,x,x,x,0,0,0,0,0,0,0,0,8,x,x,x,x,0,x,0,x,x,0,x,x,x,x,x,22,7,9,6,0,0,0,0,0,0,0,0,x,x,x,0,x,x,x,0,13,x,x,x,44,6,10,28,121,48,49,24,0,0,0,0,0,0,0,0,44,6,10,28,36,17,19,x,x,x
77,E08000029,LA,334,Solihull,156,46,49,61,12,6,x,x,37,17,11,9,34,11,10,13,16,x,x,x,29,x,13,x,11,x,x,7,17,x,x,12,133,42,45,46,x,x,x,x,17,x,x,12,15,x,7,x,x,x,x,0,18,7,x,x,11,x,x,0,0,0,0,0,0,0,0,0,0,0,0,0,x,0,x,x,0,0,0,0,x,0,x,0,68,16,21,31,x,x,0,x,0,0,0,0,x,x,x,x,x,x,0,x,11,6,x,x,17,x,x,12,139,x,x,49,x,x,0,x,x,0,0,x,x,x,x,x,30,16,14,x,x,0
81,E08000030,LA,335,Walsall,120,40,49,31,x,x,x,0,21,x,12,x,27,10,11,6,x,x,x,x,40,15,15,10,15,0,x,x,7,x,x,x,102,35,41,26,11,x,x,x,7,x,x,x,11,x,x,0,x,0,0,x,x,0,x,0,x,x,0,0,0,0,0,0,0,0,0,0,0,0,0,0,0,0,0,0,x,0,x,0,7,x,x,x,52,19,15,18,x,x,0,x,0,0,0,0,7,x,x,x,14,x,8,x,14,x,x,x,7,x,x,x,109,x,x,x,x,0,x,0,x,0,x,0,x,x,x,x,28,12,16,10,x,x
83,E08000031,LA,336,Wolverhampton,165,68,56,41,13,x,x,x,36,18,10,8,44,18,16,10,x,x,x,x,40,14,16,10,17,10,x,x,x,x,x,x,148,63,49,36,13,x,x,x,x,x,x,x,30,12,11,7,x,0,x,0,12,8,x,x,8,6,x,x,0,0,0,0,0,0,0,0,x,x,x,0,0,0,0,0,0,0,0,0,6,x,x,x,66,28,18,20,0,0,0,0,0,0,0,0,11,x,x,x,9,x,x,x,13,x,7,x,x,x,x,x,159,x,x,x,0,0,0,0,0,0,0,0,6,x,x,x,33,18,15,6,x,x
26,E08000011,LA,340,Knowsley,74,30,24,20,x,x,x,0,15,10,x,x,10,x,x,x,x,x,x,x,19,x,x,7,10,x,x,x,8,x,x,x,63,25,21,17,x,x,0,x,8,x,x,x,20,x,x,9,0,0,0,0,x,x,x,x,x,x,x,x,0,0,0,0,0,0,0,0,x,x,0,x,0,0,0,0,0,0,0,0,x,x,0,0,16,x,6,x,x,0,x,0,0,0,0,0,x,x,0,0,14,7,x,x,0,0,0,0,8,x,x,x,65,x,x,x,x,x,0,0,x,x,x,x,x,0,0,x,22,12,10,11,x,x
28,E08000012,LA,341,Liverpool,276,106,92,78,15,x,x,x,54,29,17,8,51,17,15,19,43,15,x,14,75,30,29,16,19,x,10,x,19,x,x,10,225,86,76,63,27,13,x,x,19,x,x,10,78,32,24,22,x,x,x,x,16,11,x,x,17,7,x,x,0,0,0,0,0,0,0,0,13,x,x,7,x,x,x,x,6,x,x,x,x,x,0,0,77,23,30,24,0,0,0,0,0,0,0,0,20,9,x,x,18,x,8,x,x,x,0,0,19,x,x,10,242,93,85,64,x,x,x,x,x,0,x,x,25,x,x,x,63,32,31,15,7,8
34,E08000013,LA,342,St. Helens,67,22,19,26,x,0,x,x,6,x,0,x,15,7,x,x,16,x,x,9,17,x,7,x,x,x,x,x,x,x,x,x,60,20,17,23,x,x,x,x,x,x,x,x,18,x,7,x,x,x,0,x,7,x,x,x,x,x,x,0,0,0,0,0,0,0,0,0,9,x,6,x,0,0,0,0,x,x,0,x,0,0,0,0,15,x,x,10,0,0,0,0,0,0,0,0,x,0,x,0,x,x,0,x,0,0,0,0,x,x,x,x,60,x,x,x,x,0,x,x,0,0,0,0,x,x,0,0,17,11,6,x,x,0
33,E08000014,LA,343,Sefton,129,37,49,43,x,0,x,x,21,10,x,x,31,8,10,13,16,x,x,x,38,9,17,12,14,x,x,6,x,0,x,0,114,34,41,39,11,x,6,x,x,0,x,0,34,12,11,11,x,x,x,0,x,0,x,0,8,x,x,x,0,0,0,0,0,0,0,0,x,0,0,x,x,0,0,x,x,0,x,0,x,x,0,0,47,10,17,20,x,x,x,0,0,0,0,0,7,x,x,x,13,x,6,x,x,x,x,x,x,0,x,0,x,37,x,43,0,0,0,0,0,0,0,0,x,0,x,0,26,10,16,10,x,x
40,E08000015,LA,344,Wirral,198,64,72,62,10,x,x,x,26,11,9,6,58,23,19,16,42,12,15,15,31,8,13,10,21,x,x,8,10,x,x,x,174,60,61,53,12,x,6,x,10,x,x,x,35,15,11,9,10,x,6,x,12,6,x,x,10,x,x,x,x,0,x,0,0,0,0,0,25,7,10,8,x,0,0,x,0,0,0,0,x,0,0,x,61,14,23,24,0,0,0,0,0,0,0,0,9,x,x,x,20,12,x,x,x,0,0,x,10,x,x,x,184,x,x,56,x,0,0,x,x,x,0,x,x,x,x,x,53,27,26,18,12,6
20,E08000001,LA,350,Bolton,117,38,44,35,11,x,x,x,18,11,x,x,34,10,16,8,20,10,x,x,18,x,7,x,7,0,x,x,9,x,x,x,101,34,40,27,7,x,x,x,9,x,x,x,21,6,9,6,7,x,x,x,8,x,x,x,x,x,0,x,0,0,0,0,0,0,0,0,x,x,0,x,0,0,0,0,0,0,0,0,x,0,0,x,41,10,18,13,x,x,0,x,x,x,0,0,x,0,x,x,16,x,8,x,x,x,x,x,9,x,x,x,107,x,x,x,0,0,0,0,0,0,0,0,10,x,x,x,36,14,22,15,7,8
21,E08000002,LA,351,Bury,105,32,43,30,x,x,x,x,17,x,11,x,25,7,11,7,11,x,x,x,34,12,14,8,10,x,x,x,x,0,0,x,95,30,40,25,x,x,x,x,x,0,0,x,36,14,13,9,8,0,x,x,7,x,x,0,x,x,x,0,0,0,0,0,0,0,0,0,x,0,x,x,x,0,x,0,0,0,0,0,0,0,0,0,25,6,9,10,0,0,0,0,0,0,0,0,x,x,x,x,12,x,6,x,x,x,0,0,x,0,0,x,x,32,x,x,x,0,0,x,0,0,0,0,x,0,x,x,20,7,13,9,x,x
29,E08000003,LA,352,Manchester,465,150,159,156,29,6,13,10,76,32,25,19,104,35,29,40,70,14,30,26,78,29,27,22,42,10,18,14,66,24,17,25,334,107,118,109,63,19,23,21,65,23,17,25,73,25,23,25,21,7,6,8,21,10,x,x,37,20,10,7,0,0,0,0,0,0,0,0,x,x,0,x,x,x,x,x,11,x,x,x,11,0,9,x,123,24,46,53,7,x,x,x,x,x,0,0,19,x,x,10,53,23,20,10,15,7,x,x,65,23,17,25,395,126,142,127,0,0,0,0,x,x,0,x,x,x,17,x,104,49,55,41,21,20
30,E08000004,LA,353,Oldham,95,28,36,31,x,x,x,x,13,x,x,x,27,x,x,10,0,0,0,0,33,12,9,12,13,x,x,x,x,x,x,0,85,24,31,30,6,x,x,x,x,x,x,0,22,10,x,x,x,x,x,0,x,x,x,x,x,x,x,x,0,0,0,0,0,0,0,0,8,x,x,6,x,x,0,0,0,0,0,0,x,x,x,x,36,6,14,16,0,0,0,0,0,0,0,0,x,0,x,0,x,x,0,x,6,x,x,x,x,x,x,0,x,x,x,31,0,0,0,0,0,0,0,0,x,x,x,0,12,x,x,x,x,0
31,E08000005,LA,354,Rochdale,140,53,43,44,14,x,x,x,20,13,x,x,41,13,13,15,16,x,x,6,33,14,7,12,x,x,x,x,x,0,x,x,120,47,38,35,13,x,x,x,x,0,x,x,33,14,10,9,6,x,x,x,12,x,x,x,8,x,x,0,x,0,0,x,0,0,0,0,x,0,x,0,x,x,0,x,x,x,0,x,0,0,0,0,49,11,18,20,0,0,0,0,0,0,0,0,6,x,x,x,6,x,x,x,8,6,x,x,x,0,x,x,127,x,x,38,x,x,x,x,x,0,0,x,x,0,x,x,38,21,17,x,x,x
32,E08000006,LA,355,Salford,168,57,55,56,x,x,x,x,36,24,6,6,61,13,24,24,21,x,11,x,21,x,x,9,16,x,x,6,x,x,x,0,155,51,50,54,10,x,x,x,x,x,x,0,24,7,11,6,8,x,x,x,15,x,x,6,x,x,x,0,0,0,0,0,0,0,0,0,0,0,0,0,0,0,0,0,0,0,0,0,x,x,x,0,89,25,27,37,0,0,0,0,0,0,0,0,9,x,x,x,14,7,x,x,0,0,0,0,x,x,x,0,x,x,x,56,x,x,x,0,0,0,0,0,0,0,0,0,24,14,10,8,x,x
35,E08000007,LA,356,Stockport,138,43,59,36,7,x,x,x,20,6,8,6,48,12,26,10,22,9,x,x,23,8,9,6,11,x,x,x,7,x,x,x,124,38,54,32,7,x,x,x,7,x,x,x,16,x,7,x,9,x,x,6,x,x,x,0,7,x,x,x,0,0,0,0,0,0,0,0,0,0,0,0,0,0,0,0,x,x,0,0,x,0,x,0,68,20,26,22,0,0,0,0,0,0,0,0,x,x,x,0,17,x,11,x,x,x,x,0,7,x,x,x,131,x,x,x,0,0,0,0,x,x,x,x,x,x,0,x,37,12,25,16,x,x
36,E08000008,LA,357,Tameside,124,37,52,35,x,0,x,x,18,13,x,x,43,10,19,14,11,x,x,x,30,x,12,x,11,0,x,x,x,x,x,x,108,33,44,31,7,x,x,x,7,x,x,x,36,12,16,8,x,x,x,x,7,x,x,x,8,x,x,0,0,0,0,0,0,0,0,0,x,0,x,0,x,x,0,x,x,0,x,0,0,0,0,0,35,x,16,x,x,0,x,0,0,0,0,0,6,x,x,x,8,6,x,x,6,0,x,x,7,x,x,x,115,x,x,x,x,x,x,x,x,x,0,x,x,0,x,x,22,13,9,7,x,x
37,E08000009,LA,358,Trafford,109,38,35,36,6,x,x,x,9,x,x,x,38,15,12,11,13,x,x,x,21,8,6,7,16,x,8,x,6,x,x,x,98,34,32,32,x,x,x,x,6,x,x,x,21,6,8,7,8,x,x,x,9,7,x,x,13,7,x,x,0,0,0,0,0,0,0,0,x,x,0,0,0,0,0,0,0,0,0,0,x,x,x,0,38,7,15,16,x,0,x,0,0,0,0,0,x,x,0,x,x,x,x,x,x,x,0,x,6,x,x,x,103,x,x,x,x,x,0,0,x,x,0,0,x,x,x,x,31,14,17,x,x,x
39,E08000010,LA,359,Wigan,107,34,36,37,9,x,x,x,11,x,x,x,39,11,15,13,15,x,x,8,26,11,9,6,7,x,x,x,0,0,0,0,104,34,34,36,x,0,x,x,0,0,0,0,22,x,x,10,11,x,6,x,x,x,x,x,7,x,0,x,x,0,x,0,0,0,0,0,6,x,x,x,0,0,0,0,0,0,0,0,x,0,0,x,44,14,17,13,0,0,0,0,0,0,0,0,x,0,x,x,7,x,x,x,0,0,0,0,0,0,0,0,x,x,x,x,0,0,0,0,0,0,0,0,x,x,x,x,23,13,10,x,x,x
43,E08000016,LA,370,Barnsley,77,19,28,30,x,0,x,x,13,x,6,x,15,x,x,6,15,x,x,6,18,x,x,8,9,0,x,x,x,0,x,x,70,18,24,28,x,0,x,0,x,0,x,x,x,x,x,x,x,x,0,0,x,x,x,0,0,0,0,0,x,x,0,0,0,0,0,0,0,0,0,0,x,0,x,0,0,0,0,0,x,x,x,x,48,9,16,23,0,0,0,0,0,0,0,0,0,0,0,0,10,x,x,x,x,0,0,x,x,0,x,x,70,19,x,x,x,0,x,x,x,0,0,x,x,0,x,x,21,7,14,9,x,x
46,E08000017,LA,371,Doncaster,165,48,49,68,7,x,x,x,18,x,9,x,52,18,12,22,20,x,x,8,43,15,10,18,19,x,x,10,6,0,x,x,139,42,43,54,10,x,x,x,6,0,x,x,26,6,9,11,x,x,0,x,6,x,x,x,x,x,0,0,0,0,0,0,0,0,0,0,x,0,0,x,10,x,x,x,x,x,0,0,x,x,0,0,92,27,29,36,0,0,0,0,0,0,0,0,6,x,x,x,9,x,x,x,x,0,x,x,6,0,x,x,151,x,x,59,x,0,x,x,x,x,x,0,8,0,x,x,23,12,11,6,x,x
54,E08000018,LA,372,Rotherham,115,40,41,34,x,x,x,x,16,6,x,x,24,x,10,x,19,7,6,6,33,13,13,7,12,x,x,x,x,0,x,x,109,39,39,31,x,x,0,x,x,0,x,x,8,x,x,x,65,32,x,x,x,0,0,x,x,x,0,x,0,0,0,0,0,0,0,0,0,0,0,0,0,0,0,0,x,x,0,0,0,0,0,0,30,x,x,20,0,0,0,0,0,0,0,0,0,0,0,0,x,0,0,x,x,0,0,x,x,0,x,x,x,40,x,x,0,0,0,0,0,0,0,0,x,0,x,x,29,16,13,0,0,0
55,E08000019,LA,373,Sheffield,222,77,80,65,13,x,x,x,28,18,x,x,52,23,13,16,19,x,x,8,58,15,31,12,10,x,x,x,42,9,14,19,166,66,58,42,14,x,8,x,42,9,14,19,29,10,15,x,6,x,x,x,11,7,x,x,15,8,x,x,0,0,0,0,0,0,0,0,x,x,0,x,0,0,0,0,0,0,0,0,9,x,x,x,60,18,21,21,x,0,0,x,0,0,0,0,14,x,8,x,17,11,x,x,13,x,x,x,42,9,14,19,180,68,66,46,7,x,x,x,9,x,x,x,26,x,x,12,44,24,20,13,x,x
44,E08000032,LA,380,Bradford,236,78,70,88,16,x,x,7,36,18,12,6,82,26,25,31,25,7,9,9,37,12,8,17,21,x,x,10,19,x,x,8,198,72,54,72,19,x,x,8,19,x,x,8,34,11,9,14,10,x,x,x,12,x,x,x,x,x,x,x,0,0,0,0,0,0,0,0,10,x,x,x,0,0,0,0,0,0,0,0,x,0,0,x,87,27,23,37,x,x,x,x,0,0,0,0,11,0,x,x,23,11,x,x,23,10,7,6,19,x,x,8,217,x,x,80,0,0,0,0,0,0,0,0,19,x,x,8,47,28,19,19,11,8
45,E08000033,LA,381,Calderdale,71,24,24,23,10,x,x,x,x,x,x,x,18,7,x,x,9,x,x,x,15,x,x,7,9,x,x,x,x,0,x,0,67,23,22,22,x,x,0,x,x,0,x,0,11,x,x,x,x,x,x,0,x,x,x,x,x,x,0,0,0,0,0,0,0,0,0,0,x,x,0,x,0,0,0,0,0,0,0,0,x,x,x,x,29,8,9,12,0,0,0,0,0,0,0,0,x,x,0,x,13,6,x,x,x,0,x,0,x,0,x,0,60,x,17,x,x,x,0,0,x,0,0,x,x,x,7,x,19,11,8,8,x,x
49,E08000034,LA,382,Kirklees,179,65,60,54,13,x,7,x,27,14,x,x,40,13,12,15,28,11,11,6,39,15,12,12,20,x,x,9,12,x,x,x,150,56,48,46,17,x,7,x,12,x,x,x,19,7,6,6,13,x,8,x,x,x,x,0,9,6,x,x,0,0,0,0,0,0,0,0,0,0,0,0,0,0,0,0,x,0,x,0,x,x,x,0,77,27,18,32,x,0,x,0,0,0,0,0,13,6,x,x,16,x,6,x,11,6,x,x,12,x,x,x,167,x,x,x,x,0,x,0,x,x,x,x,x,x,x,x,32,20,12,11,x,x
50,E08000035,LA,383,Leeds,342,106,116,120,29,10,11,8,49,28,8,13,52,13,18,21,33,11,14,8,86,21,33,32,29,8,8,13,64,15,24,25,270,90,90,90,7,x,x,x,64,15,24,25,22,9,x,x,12,6,x,x,8,x,x,x,7,x,x,x,0,0,0,0,0,0,0,0,x,0,0,x,x,0,0,x,x,0,x,0,x,x,x,x,163,44,57,62,x,0,x,0,0,0,0,0,x,x,x,x,34,18,10,6,17,x,7,x,64,15,24,25,278,91,92,95,x,x,x,0,0,0,0,0,x,x,x,25,91,44,47,28,18,10
56,E08000036,LA,384,Wakefield,131,48,44,39,x,x,x,x,36,20,10,6,29,10,11,8,23,x,x,10,24,x,10,x,11,x,x,x,x,0,0,x,112,44,38,30,15,x,6,x,x,0,0,x,17,x,x,7,7,0,x,x,27,13,x,x,x,x,x,x,0,0,0,0,0,0,0,0,x,x,0,0,x,0,0,x,x,0,x,0,0,0,0,0,39,14,14,11,x,x,0,0,0,0,0,0,7,x,x,x,14,7,x,x,8,x,x,x,x,0,0,x,x,48,x,x,0,0,0,0,x,0,0,x,x,0,x,0,31,19,12,11,x,x
6,E08000020,LA,390,Gateshead,125,39,36,50,13,8,x,x,6,x,x,x,34,8,9,17,14,x,x,7,32,8,10,14,10,x,x,x,16,x,6,x,104,32,29,43,x,x,x,x,16,x,6,x,21,x,10,x,x,x,x,0,x,0,x,0,18,9,x,x,0,0,0,0,0,0,0,0,0,0,0,0,0,0,0,0,0,0,0,0,x,x,x,x,49,10,11,28,0,0,0,0,0,0,0,0,x,x,0,x,x,x,x,x,7,x,x,x,16,6,6,x,109,33,x,x,x,x,x,0,0,0,0,0,x,x,x,x,41,25,16,x,x,x
9,E08000021,LA,391,Newcastle upon Tyne,231,82,76,73,13,x,x,x,30,12,10,8,65,28,19,18,50,18,17,15,42,15,15,12,22,x,x,8,9,x,x,x,218,80,73,65,x,x,0,x,9,x,x,x,26,7,9,10,12,x,x,x,7,x,x,x,15,8,x,x,0,0,0,0,0,0,0,0,x,0,x,0,0,0,0,0,x,x,0,x,12,6,x,x,104,33,34,37,x,x,0,0,0,0,0,0,x,0,0,x,26,14,x,x,14,x,8,x,9,x,x,x,222,x,x,x,0,0,0,0,x,0,x,x,x,x,0,x,x,x,x,0,0,0
10,E08000022,LA,392,North Tyneside,91,41,22,28,x,x,x,x,27,21,x,x,24,10,7,7,8,x,x,x,24,x,x,11,x,0,0,x,0,0,0,0,89,40,22,27,x,x,0,x,0,0,0,0,17,x,x,6,x,x,x,0,7,x,0,x,6,x,x,0,0,0,0,0,0,0,0,0,x,x,0,0,0,0,0,0,0,0,0,0,0,0,0,0,42,17,9,16,0,0,0,0,x,0,0,x,x,x,0,x,13,6,x,x,0,0,0,0,0,0,0,0,x,41,22,x,0,0,0,0,x,0,0,x,0,0,0,0,28,18,10,11,x,x
13,E08000023,LA,393,South Tyneside,82,31,27,24,x,x,x,x,x,x,x,0,30,11,11,8,19,8,x,x,15,x,x,7,11,x,x,x,0,0,0,0,78,30,25,23,x,x,x,x,0,0,0,0,25,10,6,9,x,x,0,0,11,6,x,x,x,x,x,x,0,0,0,0,0,0,0,0,0,0,0,0,0,0,0,0,0,0,0,0,x,x,x,0,24,6,9,9,0,0,0,0,0,0,0,0,x,x,x,x,8,x,x,x,x,x,x,x,0,0,0,0,82,31,27,24,0,0,0,0,0,0,0,0,0,0,0,0,22,11,11,7,x,x
15,E08000024,LA,394,Sunderland,132,53,35,44,6,x,x,x,15,x,0,x,52,20,18,14,15,x,6,x,28,x,x,14,10,x,x,x,6,x,x,x,117,47,29,41,8,x,x,x,6,x,x,x,20,9,x,x,x,x,0,0,8,6,x,x,x,0,x,x,0,0,0,0,0,0,0,0,17,x,x,7,x,0,x,0,0,0,0,0,14,8,x,x,43,9,13,21,x,x,x,0,0,0,0,0,x,0,x,x,9,x,0,x,x,x,x,0,6,x,x,x,126,x,x,x,x,0,0,x,x,0,0,x,x,x,x,0,27,18,9,8,8,0
165,E06000053,LA,420,Isles of Scilly,0,0,0,0,0,0,0,0,0,0,0,0,0,0,0,0,0,0,0,0,0,0,0,0,0,0,0,0,0,0,0,0,0,0,0,0,0,0,0,0,0,0,0,0,0,0,0,0,0,0,0,0,0,0,0,0,0,0,0,0,0,0,0,0,0,0,0,0,0,0,0,0,0,0,0,0,0,0,0,0,0,0,0,0,0,0,0,0,0,0,0,0,0,0,0,0,0,0,0,0,0,0,0,0,0,0,0,0,0,0,0,0,0,0,0,0,0,0,0,0,0,0,0,0,0,0,0,0,0,0,0,0,0,0
158,E06000022,LA,800,Bath and North East Somerset,65,22,16,27,6,x,x,x,11,7,x,x,22,7,6,9,x,0,x,x,13,x,x,6,x,x,x,0,6,x,x,x,52,19,14,19,x,x,x,x,6,x,x,x,8,x,x,x,x,x,x,x,x,x,x,0,8,x,x,x,0,0,0,0,0,0,0,0,x,x,x,x,x,0,0,x,x,0,0,x,x,x,0,0,20,x,x,10,0,0,0,0,0,0,0,0,x,x,0,0,x,x,0,x,x,0,x,0,6,x,x,x,59,x,x,x,0,0,0,0,0,0,0,0,6,x,x,x,15,9,6,x,x,0
160,E06000023,LA,801,"Bristol, City of",313,112,111,90,x,x,7,x,73,36,19,18,87,27,33,27,49,11,20,18,62,27,21,14,26,x,11,x,x,0,0,x,292,105,103,84,20,x,8,x,x,0,0,x,39,x,20,x,18,x,x,11,62,28,22,12,12,x,x,x,0,0,0,0,0,0,0,0,6,x,0,x,0,0,0,0,x,x,x,x,x,x,0,x,99,17,39,43,x,x,x,0,x,0,x,0,10,x,x,x,51,27,17,7,x,x,x,0,x,0,0,x,x,x,x,x,x,x,0,0,x,0,0,x,x,0,x,x,106,57,49,42,25,17
166,E06000024,LA,802,North Somerset,115,36,36,43,x,0,0,x,19,x,x,0,33,x,x,15,25,x,10,x,32,10,7,15,x,x,x,x,0,0,0,0,92,30,28,34,16,x,6,x,0,0,0,0,18,8,x,x,6,x,x,x,18,8,10,0,x,x,x,0,0,0,0,0,x,0,0,x,0,0,0,0,6,x,x,x,10,x,x,x,0,0,0,0,39,x,x,26,0,0,0,0,0,0,0,0,8,x,x,x,x,x,0,x,0,0,0,0,0,0,0,0,105,36,x,x,x,0,0,x,0,0,0,0,x,0,x,x,18,10,8,x,x,0
170,E06000025,LA,803,South Gloucestershire,106,44,32,30,x,x,x,x,18,13,x,x,27,9,11,7,24,9,7,8,12,6,x,x,14,x,x,7,x,x,x,x,97,43,27,27,x,0,x,x,x,x,x,x,12,x,6,x,x,x,0,0,20,11,x,x,x,x,0,x,0,0,0,0,0,0,0,0,0,0,0,0,0,0,0,0,0,0,0,0,6,x,x,x,33,9,10,14,0,0,0,0,0,0,0,0,x,0,x,x,9,x,x,0,12,7,x,x,x,x,x,x,x,x,x,x,x,0,x,x,x,x,x,0,0,0,0,0,34,17,17,9,x,x
7,E06000001,LA,805,Hartlepool,65,21,20,24,x,x,0,x,11,x,x,x,20,x,x,9,x,0,x,x,15,7,x,x,7,x,x,x,x,0,x,x,58,20,16,22,x,x,x,x,x,0,x,x,7,x,x,x,x,x,0,x,7,x,x,x,x,x,0,0,0,0,0,0,0,0,0,0,x,x,x,x,0,0,0,0,x,0,x,0,0,0,0,0,27,6,6,15,0,0,0,0,0,0,0,0,x,0,x,0,7,x,x,x,x,0,x,0,x,0,x,x,x,21,x,x,0,0,0,0,x,0,x,x,0,0,0,0,18,10,8,x,x,x
8,E06000002,LA,806,Middlesbrough,118,36,46,36,7,x,x,x,12,7,x,x,21,x,10,x,8,0,x,x,33,13,11,9,11,x,6,x,26,6,9,11,86,27,35,24,x,x,x,x,26,6,9,11,19,x,8,x,x,x,x,0,10,x,x,x,11,x,x,x,0,0,0,0,0,0,0,0,x,0,x,x,x,x,0,0,0,0,0,0,0,0,0,0,32,9,13,10,0,0,0,0,0,0,0,0,x,x,x,x,x,x,x,x,x,x,x,0,26,6,9,11,90,28,37,25,x,0,0,x,0,0,0,0,x,8,9,x,24,10,14,x,x,x
12,E06000003,LA,807,Redcar and Cleveland,45,14,18,13,x,x,0,x,x,x,x,0,14,x,7,x,7,x,x,x,13,x,x,x,x,0,0,x,0,0,0,0,45,14,18,13,0,0,0,0,0,0,0,0,x,x,0,0,x,0,x,x,0,0,0,0,0,0,0,0,0,0,0,0,0,0,0,0,0,0,0,0,0,0,0,0,0,0,0,0,0,0,0,0,29,6,x,x,0,0,0,0,0,0,0,0,0,0,0,0,x,x,x,x,0,0,0,0,0,0,0,0,45,14,18,13,0,0,0,0,0,0,0,0,0,0,0,0,12,6,6,9,x,x
14,E06000004,LA,808,Stockton-on-Tees,99,46,29,24,x,x,x,x,16,13,x,x,22,10,6,6,11,6,x,x,20,x,11,x,18,x,x,7,x,x,0,0,89,40,28,21,8,x,x,x,x,x,0,0,11,8,x,x,x,0,x,0,10,x,x,0,x,x,x,0,0,0,0,0,0,0,0,0,0,0,0,0,0,0,0,0,0,0,0,0,x,x,0,0,49,15,15,19,0,0,0,0,0,0,0,0,8,x,x,x,12,6,x,x,x,0,x,0,x,x,0,0,x,x,x,24,0,0,0,0,x,x,0,0,x,x,x,0,19,9,10,11,x,x
48,E06000010,LA,810,"Kingston Upon Hull, City of",154,61,55,38,6,x,x,x,39,20,8,11,48,14,25,9,27,8,11,8,18,10,x,x,10,x,x,x,6,x,0,x,137,51,51,35,8,x,x,0,x,x,0,x,13,7,6,0,x,0,x,x,25,x,14,x,33,20,x,x,x,0,x,0,0,0,0,0,0,0,0,0,x,x,x,0,x,0,x,x,x,0,x,0,54,16,17,21,0,0,0,0,0,0,0,0,8,x,x,0,x,x,0,0,0,0,0,0,x,x,0,x,145,x,x,x,x,0,0,x,0,0,0,0,x,x,x,x,34,21,13,x,x,0
47,E06000011,LA,811,East Riding of Yorkshire,98,28,33,37,x,x,x,x,14,9,x,x,46,10,17,19,x,x,x,x,14,x,x,x,10,x,x,x,0,0,0,0,91,26,31,34,6,x,x,x,0,0,0,0,20,x,9,x,8,x,x,x,17,x,7,x,6,x,x,0,x,x,0,0,0,0,0,0,0,0,0,0,0,0,0,0,0,0,0,0,0,0,0,0,33,x,x,22,0,0,0,0,0,0,0,0,x,0,x,x,8,8,0,0,x,0,x,0,0,0,0,0,98,28,33,37,0,0,0,0,0,0,0,0,0,0,0,0,33,16,17,8,8,0
51,E06000012,LA,812,North East Lincolnshire,57,20,24,13,x,x,0,x,6,x,x,x,15,x,6,x,x,0,x,x,21,x,10,x,x,x,x,0,x,x,x,x,48,16,20,12,x,x,x,0,x,x,x,x,13,x,6,x,x,0,x,x,x,x,x,x,x,0,x,0,0,0,0,0,0,0,0,0,0,0,0,0,0,0,0,0,0,0,0,0,0,0,0,0,20,x,8,x,0,0,0,0,0,0,0,0,x,x,x,0,6,x,x,0,x,0,0,x,x,x,x,x,x,x,x,x,x,0,x,0,0,0,0,0,x,x,0,x,13,7,6,6,x,x
52,E06000013,LA,813,North Lincolnshire,52,21,15,16,x,x,0,0,23,13,x,x,10,x,x,x,x,x,0,x,8,x,x,x,x,0,x,x,x,0,x,x,45,20,13,12,x,x,x,x,x,0,x,x,x,x,0,x,x,x,x,x,7,x,x,x,x,0,x,x,0,0,0,0,0,0,0,0,0,0,0,0,0,0,0,0,0,0,0,0,0,0,0,0,20,10,x,x,0,0,0,0,x,x,0,0,x,x,x,x,6,x,0,x,0,0,0,0,x,0,x,x,x,21,x,x,0,0,0,0,x,0,x,x,0,0,0,0,13,x,x,x,x,0
53,E10000023,LA,815,North Yorkshire,168,60,51,57,6,x,x,x,38,19,12,7,53,16,15,22,26,x,x,13,13,7,x,x,23,9,6,8,9,x,x,0,147,55,39,53,11,x,x,x,9,x,x,0,25,x,x,11,14,7,x,x,10,x,x,x,x,x,x,0,0,0,0,0,0,0,0,0,0,0,0,0,x,0,0,x,x,x,0,x,0,0,0,0,74,17,21,36,0,0,0,0,0,0,0,0,7,x,x,x,16,13,x,x,x,x,x,x,9,x,x,0,158,x,44,x,0,0,0,0,x,x,7,0,x,0,0,x,36,25,11,11,11,0
57,E06000014,LA,816,York,88,28,32,28,13,7,x,x,19,7,6,6,33,6,14,13,6,x,x,x,x,0,x,0,9,x,x,x,x,x,x,x,77,23,30,24,6,x,x,x,x,x,x,x,18,x,x,x,x,x,x,0,0,0,0,0,6,x,x,0,0,0,0,0,0,0,0,0,0,0,0,0,0,0,0,0,0,0,0,0,0,0,0,0,40,11,14,15,0,0,0,0,0,0,0,0,6,x,x,x,8,x,x,x,0,0,0,0,x,x,x,x,82,x,x,x,0,0,0,0,x,0,x,0,x,x,x,x,22,7,15,7,x,x
92,E06000032,LA,821,Luton,155,50,55,50,x,0,x,x,32,15,11,6,35,x,18,x,x,x,x,x,29,12,9,8,9,x,x,x,38,11,9,18,110,32,46,32,7,7,0,0,38,11,9,18,29,10,13,6,x,x,x,0,10,x,x,x,x,0,x,x,0,0,0,0,0,0,0,0,0,0,0,0,0,0,0,0,0,0,0,0,0,0,0,0,47,11,19,17,0,0,0,0,0,0,0,0,x,x,0,0,11,x,x,x,10,x,x,x,38,11,9,18,117,39,46,32,x,x,x,x,x,x,x,x,18,x,x,8,27,13,14,8,x,x
87,E06000055,LA,822,Bedford,105,32,40,33,x,x,x,x,29,x,13,x,21,7,6,8,9,x,x,x,28,8,11,9,11,x,x,x,x,x,0,x,94,29,37,28,8,x,x,x,x,x,0,x,9,x,x,x,x,0,x,0,14,8,x,x,x,x,x,x,0,0,0,0,0,0,0,0,x,0,0,x,x,0,0,x,x,0,0,x,x,x,x,x,45,12,16,17,0,0,0,0,0,0,0,0,7,x,x,x,6,x,x,x,7,x,x,x,x,x,0,x,92,x,34,x,0,0,0,0,0,0,0,0,13,x,6,x,22,8,14,x,x,x
88,E06000056,LA,823,Central Bedfordshire,89,39,26,24,x,x,x,x,25,17,x,x,29,9,13,7,x,x,0,x,21,x,x,9,x,x,x,x,0,0,0,0,83,36,25,22,x,x,0,x,0,0,0,0,14,x,6,x,8,x,x,x,7,x,x,x,0,0,0,0,0,0,0,0,0,0,0,0,x,0,0,x,x,x,x,x,x,x,0,0,x,x,0,0,49,23,13,13,0,0,0,0,0,0,0,0,x,x,0,x,x,0,x,x,x,0,0,x,0,0,0,0,x,x,x,x,0,0,0,0,0,0,0,0,x,x,x,x,15,6,9,x,0,x
139,E10000002,LA,825,Buckinghamshire,170,64,67,39,8,x,x,x,37,21,x,x,32,15,x,x,14,8,6,0,23,9,11,x,12,x,6,x,44,x,x,28,117,56,51,10,x,x,x,0,43,x,x,28,11,x,x,x,x,x,x,0,9,x,x,0,0,0,0,0,0,0,0,0,x,0,x,0,0,0,0,0,x,x,x,x,x,0,x,0,0,0,0,0,69,x,33,x,0,0,0,0,0,0,0,0,x,x,x,0,15,x,x,0,9,x,x,x,43,x,x,28,125,x,56,x,0,0,0,0,27,x,x,25,18,x,10,x,41,26,15,13,x,x
145,E06000042,LA,826,Milton Keynes,137,58,39,40,x,x,x,0,34,18,x,x,26,6,9,11,18,7,x,x,30,15,7,8,x,x,x,x,18,x,x,8,113,51,33,29,x,x,x,x,18,6,x,8,17,11,x,x,7,x,x,x,17,x,0,x,13,6,x,x,0,0,0,0,0,0,0,0,x,x,x,0,x,0,x,x,x,x,x,0,x,x,x,0,46,12,16,18,x,x,0,0,0,0,0,0,x,0,0,x,x,0,0,x,x,0,x,x,18,x,x,8,113,51,32,30,0,0,0,0,0,0,0,0,24,7,7,10,34,21,13,0,0,0
61,E10000007,LA,830,Derbyshire,264,81,92,91,23,13,x,x,24,x,10,x,92,33,30,29,57,16,18,23,43,8,15,20,18,0,10,8,7,x,x,x,243,77,83,83,13,x,x,x,7,x,x,x,13,0,7,6,19,x,x,7,34,21,6,7,18,11,x,x,x,0,0,x,0,0,0,0,x,0,0,x,0,0,0,0,x,0,0,x,x,x,x,x,117,20,48,49,x,0,x,0,0,0,0,0,9,x,x,x,13,x,7,x,27,12,7,8,7,x,x,x,252,x,85,x,0,0,0,0,0,0,0,0,12,x,7,x,55,33,22,12,x,x
60,E06000015,LA,831,Derby,128,42,37,49,x,x,0,x,19,8,x,x,44,13,15,16,12,x,x,x,25,8,8,9,15,x,x,9,x,x,x,x,109,37,29,43,9,x,x,x,8,x,x,x,23,8,8,7,7,x,x,x,6,x,x,x,x,x,0,x,x,0,x,0,0,0,0,0,8,x,x,x,x,0,0,x,x,x,x,x,x,x,x,0,43,8,10,25,0,0,0,0,0,0,0,0,x,x,0,x,12,8,x,x,x,x,x,0,8,x,x,x,117,x,x,x,0,0,0,0,0,0,0,0,11,x,x,x,21,13,8,9,x,x
163,E10000009,LA,835,Dorset,191,67,74,50,7,x,x,x,17,10,x,x,47,21,16,10,31,6,19,6,30,13,10,7,15,x,6,x,44,10,16,18,134,54,54,26,12,x,x,x,44,10,16,18,15,7,x,x,8,x,x,x,x,x,0,0,8,x,x,0,0,0,0,0,0,0,0,0,x,x,0,x,x,0,0,x,x,x,x,x,7,x,x,x,82,30,31,21,x,0,x,0,0,0,0,0,6,0,x,x,7,x,x,x,x,x,0,0,44,10,16,18,146,57,58,31,x,x,0,0,x,0,0,x,x,x,16,x,29,11,18,x,0,x
168,E06000029,LA,836,Poole,65,18,21,26,x,0,x,0,13,x,x,x,31,7,9,15,9,x,x,x,x,x,x,x,x,x,0,0,x,0,0,x,57,17,20,20,x,x,x,x,x,0,0,x,10,x,x,x,x,x,x,x,0,0,0,0,12,x,x,x,0,0,0,0,0,0,0,0,x,0,0,x,0,0,0,0,0,0,0,0,x,0,x,x,19,x,x,11,0,0,0,0,0,0,0,0,x,x,x,x,7,x,x,0,x,0,x,0,x,0,0,x,x,18,21,x,0,0,0,0,x,0,0,x,x,0,0,x,17,9,8,7,x,x
159,E06000028,LA,837,Bournemouth,110,35,32,43,x,x,x,x,x,x,x,x,24,7,8,9,14,x,7,x,19,9,x,x,7,x,x,x,35,x,x,22,69,26,22,21,7,x,x,x,32,x,x,21,7,x,0,x,6,x,x,x,x,x,0,x,8,x,x,x,0,0,0,0,0,0,0,0,x,x,0,0,x,x,x,0,0,0,0,0,0,0,0,0,35,10,12,13,0,0,0,0,0,0,0,0,x,x,x,0,9,x,x,0,x,0,x,x,32,x,x,21,75,27,x,x,x,x,x,x,0,0,0,0,x,x,x,x,27,14,13,7,x,x
5,E06000047,LA,840,Durham,173,51,53,69,13,x,x,8,40,17,11,12,55,18,18,19,21,x,x,9,14,x,x,8,15,x,x,6,15,x,x,7,150,47,44,59,7,0,x,x,15,x,x,7,27,8,9,10,6,0,x,x,13,x,x,x,13,x,x,x,x,x,0,0,0,0,0,0,x,0,x,x,0,0,0,0,0,0,0,0,x,x,x,0,70,20,18,32,0,0,0,0,0,0,0,0,7,0,x,x,7,x,x,0,7,x,x,x,15,x,x,7,156,x,x,61,x,0,x,x,x,x,x,x,0,0,0,0,32,16,16,7,x,x
4,E06000005,LA,841,Darlington,61,26,18,17,x,x,x,x,6,x,x,x,21,9,x,x,12,x,x,x,10,6,x,x,x,x,x,x,x,x,0,x,57,24,18,15,x,x,0,0,x,x,0,x,15,x,x,x,x,x,0,x,x,x,0,0,7,x,x,x,0,0,0,0,0,0,0,0,x,0,x,0,0,0,0,0,0,0,0,0,0,0,0,0,24,9,8,7,0,0,0,0,0,0,0,0,x,x,0,0,x,x,x,0,x,x,0,0,x,x,0,x,51,x,x,x,x,0,x,0,x,x,0,0,x,x,x,x,15,9,6,x,x,x
140,E10000011,LA,845,East Sussex,149,53,43,53,x,x,x,x,33,13,9,11,34,11,11,12,x,x,x,x,31,17,x,x,14,x,7,x,20,x,8,x,114,42,32,40,14,x,x,6,20,x,8,x,12,x,x,x,14,6,x,x,11,x,x,x,9,x,x,x,0,0,0,0,0,0,0,0,x,x,x,0,x,x,0,0,x,x,x,0,6,x,x,x,50,11,18,21,x,0,0,x,x,x,0,0,7,x,x,x,12,7,x,x,0,0,0,0,20,x,8,x,127,x,x,46,x,0,x,0,x,0,0,x,x,x,x,x,61,33,28,8,x,x
138,E06000043,LA,846,Brighton and Hove,174,68,53,53,14,x,x,x,47,26,11,10,61,19,21,21,18,x,x,8,22,8,8,6,x,x,x,x,x,x,x,0,164,62,51,51,8,x,x,x,x,x,x,0,30,8,13,9,x,x,x,x,x,x,0,x,8,x,x,x,0,0,0,0,0,0,0,0,x,x,0,0,0,0,0,0,0,0,0,0,38,13,16,9,48,15,11,22,x,x,0,0,0,0,0,0,7,x,x,x,29,17,x,x,x,0,0,x,x,x,x,0,x,x,x,53,0,0,0,0,0,0,0,0,x,x,x,0,72,39,33,22,16,6
141,E10000014,LA,850,Hampshire,505,166,187,152,14,x,0,x,87,50,25,12,125,30,46,49,58,20,22,16,106,36,46,24,24,x,x,10,91,19,40,32,381,138,132,111,33,9,15,9,91,19,40,32,61,21,22,18,20,9,x,x,47,21,15,11,28,16,x,x,0,0,0,0,0,0,0,0,53,27,18,8,0,0,0,0,0,0,0,0,x,x,x,0,169,43,62,64,x,x,x,0,x,x,x,0,11,x,6,x,0,0,0,0,15,x,x,7,91,19,40,32,414,147,147,120,x,x,x,x,x,x,x,x,71,13,34,24,120,62,58,0,0,0
147,E06000044,LA,851,Portsmouth,113,36,45,32,x,x,x,x,12,8,x,x,25,x,11,x,17,x,x,6,27,x,11,x,x,0,x,x,23,x,12,x,74,27,26,21,13,x,x,x,23,x,12,x,8,x,x,x,0,0,0,0,6,x,0,x,x,0,x,x,0,0,0,0,0,0,0,0,x,0,x,x,x,x,x,0,x,0,x,0,12,9,x,x,25,x,x,10,0,0,0,0,x,0,0,x,x,0,x,x,8,x,0,x,13,x,x,x,23,x,12,x,90,x,33,x,8,x,x,x,15,x,x,x,0,0,0,0,19,8,11,x,x,0
150,E06000045,LA,852,Southampton,124,42,37,45,x,x,x,0,16,8,x,x,32,8,11,13,16,x,x,9,30,12,9,9,x,x,x,6,14,7,x,x,96,31,32,33,12,x,x,x,14,7,x,x,17,7,x,x,x,0,0,x,32,14,10,8,x,x,x,x,0,0,0,0,0,0,0,0,11,x,x,6,x,0,0,x,x,x,0,x,0,0,0,0,21,x,x,11,0,0,0,0,0,0,0,0,6,x,x,x,x,x,x,0,7,x,x,x,14,7,x,x,108,x,x,38,x,x,x,x,0,0,0,0,x,x,x,x,38,20,18,x,x,x
63,E10000018,LA,855,Leicestershire,180,66,50,64,x,x,x,x,41,23,x,x,47,16,9,22,20,x,x,10,43,12,16,15,22,6,8,8,x,0,x,x,158,64,38,56,15,x,9,x,x,0,x,x,18,x,x,9,14,7,x,x,9,x,x,x,11,x,6,x,x,0,0,x,0,0,0,0,x,0,x,0,x,x,x,x,x,0,x,x,6,x,x,x,80,32,15,33,0,0,0,0,0,0,0,0,11,x,6,x,12,8,x,x,8,x,x,x,x,0,x,x,168,x,x,58,6,x,x,x,x,0,0,x,x,0,x,x,23,14,9,7,x,x
62,E06000016,LA,856,Leicester,186,65,68,53,10,x,x,x,54,26,17,11,48,19,18,11,29,6,10,13,29,x,15,x,16,x,x,7,0,0,0,0,164,56,59,49,17,x,7,x,0,0,0,0,19,x,9,x,6,x,x,x,33,13,8,12,8,x,x,x,x,x,0,0,0,0,0,0,x,x,x,0,x,x,x,0,x,0,x,0,0,0,0,0,81,22,28,31,0,0,0,0,0,0,0,0,12,6,x,x,13,8,x,x,x,0,x,0,0,0,0,0,x,x,68,x,0,0,0,0,0,0,0,0,x,x,0,x,47,25,22,8,x,x
68,E06000017,LA,857,Rutland,20,7,6,7,x,0,0,x,8,x,x,x,x,0,x,x,x,x,x,x,x,0,x,0,x,x,x,0,0,0,0,0,20,7,6,7,0,0,0,0,0,0,0,0,x,0,0,x,x,0,0,x,0,0,0,0,x,x,0,0,0,0,0,0,0,0,0,0,0,0,0,0,0,0,0,0,0,0,0,0,0,0,0,0,x,x,x,x,0,0,0,0,0,0,0,0,0,0,0,0,x,0,x,0,0,0,0,0,0,0,0,0,20,7,6,7,0,0,0,0,0,0,0,0,0,0,0,0,0,0,0,0,0,0
78,E10000028,LA,860,Staffordshire,331,99,93,139,23,x,x,11,41,16,12,13,82,27,25,30,38,8,12,18,75,26,20,29,29,9,12,8,43,x,x,30,267,86,84,97,18,x,x,10,43,x,x,30,31,8,12,11,12,x,x,x,x,x,x,x,11,6,x,x,0,0,0,0,0,0,0,0,x,x,0,x,x,x,0,x,9,x,x,x,8,x,0,x,152,45,50,57,x,0,x,0,0,0,0,0,7,x,x,x,22,10,x,x,26,x,x,11,43,x,x,30,260,83,82,95,13,x,0,x,19,x,x,15,39,x,x,20,62,35,27,17,10,7
79,E06000021,LA,861,Stoke-on-Trent,159,60,52,47,7,x,x,x,15,8,x,x,39,10,12,17,28,14,7,7,39,19,11,9,18,x,9,x,13,x,x,6,142,55,46,41,x,x,x,0,12,x,x,6,13,x,x,x,6,x,x,x,x,0,x,0,x,0,0,x,x,0,x,0,0,0,0,0,0,0,0,0,x,x,0,0,0,0,0,0,x,x,0,x,94,41,29,24,x,x,0,0,0,0,0,0,x,x,x,0,11,x,x,x,13,x,x,6,12,x,x,6,145,x,46,x,x,x,x,x,x,0,x,0,6,x,x,x,23,10,13,10,x,x
173,E06000054,LA,865,Wiltshire,164,56,58,50,7,x,x,x,38,16,15,7,31,x,x,12,21,10,x,7,32,16,9,7,15,x,8,x,20,x,11,x,136,53,44,39,8,x,x,x,20,x,11,x,22,x,11,x,17,x,x,8,27,15,x,x,8,x,x,x,0,0,0,0,0,0,0,0,x,0,0,x,0,0,0,0,x,x,x,x,x,x,x,0,45,13,13,19,x,0,x,x,0,0,0,0,x,x,x,x,6,x,x,x,6,x,x,x,20,x,11,x,144,x,47,x,x,0,x,0,10,0,x,x,x,x,0,0,31,21,10,x,x,0
171,E06000030,LA,866,Swindon,127,37,40,50,x,x,x,x,22,9,7,6,37,x,x,19,16,x,7,x,40,13,10,17,x,x,x,x,x,0,0,x,106,30,35,41,19,x,x,7,x,0,0,x,17,x,8,x,x,x,x,x,15,x,x,6,10,x,x,x,0,0,0,0,0,0,0,0,0,0,0,0,0,0,0,0,x,0,x,x,x,x,x,x,40,9,12,19,0,0,0,0,0,0,0,0,8,x,x,x,10,x,x,x,16,x,x,8,x,0,0,x,x,37,40,x,x,0,0,x,0,0,0,0,x,0,0,x,35,17,18,7,x,x
137,E06000036,LA,867,Bracknell Forest,32,11,12,9,x,0,0,x,x,x,x,x,15,x,6,x,x,x,x,x,x,x,x,x,x,x,x,0,0,0,0,0,31,11,12,8,x,0,0,x,0,0,0,0,x,0,0,x,x,0,x,0,x,x,x,0,x,0,x,0,0,0,0,0,0,0,0,0,0,0,0,0,0,0,0,0,0,0,0,0,x,x,x,x,18,x,x,x,0,0,0,0,0,0,0,0,0,0,0,0,x,x,x,0,x,x,0,0,0,0,0,0,32,11,12,9,0,0,0,0,0,0,0,0,0,0,0,0,10,x,x,x,x,x
154,E06000040,LA,868,Windsor and Maidenhead,45,19,13,13,x,x,x,0,11,7,x,x,9,x,x,x,8,x,x,x,7,x,x,x,x,x,x,0,x,x,0,x,35,14,11,10,x,0,x,x,x,x,0,x,0,0,0,0,x,x,x,x,15,9,x,x,x,x,0,x,0,0,0,0,x,x,0,0,0,0,0,0,0,0,0,0,0,0,0,0,0,0,0,0,13,x,x,x,0,0,0,0,0,0,0,0,x,0,0,x,x,x,0,x,0,0,0,0,x,x,0,x,39,x,13,x,0,0,0,0,x,x,0,0,x,x,0,x,9,x,x,x,x,0
152,E06000037,LA,869,West Berkshire,56,16,23,17,x,0,x,x,14,x,8,x,9,x,x,0,6,x,x,x,x,x,x,x,x,0,x,0,18,x,x,x,36,x,17,x,x,0,x,0,16,x,x,12,7,x,x,x,6,x,x,x,x,0,x,0,x,x,x,x,0,0,0,0,0,0,0,0,0,0,0,0,x,x,x,0,x,0,x,0,0,0,0,0,15,x,9,x,0,0,0,0,0,0,0,0,0,0,0,0,x,x,x,0,0,0,0,0,16,x,x,x,36,x,17,x,0,0,0,0,x,x,x,x,x,0,x,0,16,6,10,x,x,x
148,E06000038,LA,870,Reading,78,32,27,19,21,7,8,6,15,x,7,x,17,7,x,x,x,x,0,0,13,7,x,x,x,x,x,x,x,x,0,x,69,29,24,16,6,x,x,x,x,x,0,x,7,x,x,x,x,x,x,x,x,x,x,0,6,x,x,x,0,0,0,0,0,0,0,0,0,0,0,0,x,0,0,x,x,0,x,0,0,0,0,0,36,16,13,7,x,x,0,x,x,0,0,x,x,x,x,0,7,x,x,x,x,x,x,0,x,x,0,x,71,x,x,x,0,0,0,0,x,0,0,x,x,x,x,x,18,10,8,x,x,x
149,E06000039,LA,871,Slough,83,27,31,25,0,0,0,0,9,x,x,x,16,8,x,x,x,x,x,0,32,10,16,6,x,0,x,x,19,x,x,9,57,20,23,14,7,x,x,x,19,x,x,9,7,x,x,x,x,x,0,0,18,9,x,x,x,x,x,0,0,0,0,0,0,0,0,0,x,x,0,0,0,0,0,0,x,x,x,x,0,0,0,0,25,6,10,9,0,0,0,0,0,0,0,0,x,x,x,x,x,0,0,x,0,0,0,0,19,x,x,9,64,x,25,x,x,0,x,0,x,x,0,0,x,x,x,9,9,x,x,0,0,0
155,E06000041,LA,872,Wokingham,32,11,9,12,x,0,0,x,6,x,x,x,10,x,x,x,x,0,0,x,9,x,x,x,x,x,x,x,x,0,0,x,27,9,8,10,x,x,x,x,x,0,0,x,x,x,x,x,x,x,x,x,x,x,0,x,x,x,x,0,0,0,0,0,0,0,0,0,0,0,0,0,0,0,0,0,x,0,x,x,0,0,0,0,14,x,x,6,0,0,0,0,0,0,0,0,x,x,0,0,x,x,0,x,x,x,0,0,x,0,0,x,x,11,9,x,0,0,0,0,0,0,0,0,x,0,0,x,6,x,x,x,x,0
89,E10000003,LA,873,Cambridgeshire,209,75,60,74,10,x,x,x,31,14,x,x,37,13,12,12,20,x,10,x,58,23,11,24,9,x,x,x,44,11,14,19,140,55,37,48,15,7,x,x,48,11,15,22,8,x,x,x,12,6,x,x,23,13,x,x,x,x,x,0,0,0,0,0,0,0,0,0,25,x,11,x,6,x,x,x,x,x,x,x,x,0,0,x,47,12,9,26,x,0,x,0,0,0,0,0,x,x,x,x,10,6,x,x,19,x,x,11,48,11,15,22,155,60,43,52,0,0,0,0,x,x,0,x,x,x,17,x,24,15,9,7,x,x
94,E06000031,LA,874,Peterborough,144,48,47,49,6,x,x,x,32,16,8,8,39,9,16,14,30,11,11,8,20,x,x,10,10,x,x,x,7,x,x,x,128,45,41,42,8,0,x,x,x,x,0,x,25,x,x,11,x,x,x,x,8,x,x,x,10,x,x,x,0,0,0,0,0,0,0,0,9,x,x,x,x,x,x,0,x,0,x,x,x,x,x,0,48,13,18,17,x,x,0,0,0,0,0,0,x,0,x,x,15,7,x,x,7,x,x,x,x,x,0,x,131,x,x,x,x,0,x,x,0,0,0,0,x,x,x,x,31,18,13,10,x,x
25,E06000006,LA,876,Halton,40,14,15,11,x,0,x,0,x,x,x,x,15,6,x,x,7,x,x,x,8,x,x,x,x,x,x,x,0,0,0,0,36,13,13,10,x,x,x,x,0,0,0,0,8,x,x,0,x,0,0,x,x,0,0,x,x,0,x,0,0,0,0,0,0,0,0,0,x,0,x,0,0,0,0,0,0,0,0,0,x,x,0,0,20,x,x,x,0,0,0,0,0,0,0,0,x,0,x,x,x,0,x,0,x,x,x,0,0,0,0,0,40,14,15,11,0,0,0,0,0,0,0,0,0,0,0,0,7,x,x,x,0,x
38,E06000007,LA,877,Warrington,82,33,26,23,x,x,x,x,14,x,x,0,23,10,x,x,11,x,x,x,27,8,12,7,0,0,0,0,x,0,x,x,75,31,25,19,x,x,0,x,x,0,x,x,7,x,x,0,x,x,x,0,x,x,x,0,6,x,x,x,0,0,0,0,0,0,0,0,0,0,0,0,0,0,0,0,0,0,0,0,x,x,0,0,43,16,15,12,0,0,0,0,0,0,0,0,x,x,0,0,9,x,x,x,x,x,x,x,x,0,x,x,x,33,x,x,0,0,0,0,0,0,0,0,x,0,x,x,16,8,8,x,x,x
162,E10000008,LA,878,Devon,388,127,123,138,12,x,x,x,48,23,x,x,102,27,32,43,83,34,26,23,60,19,23,18,29,x,x,11,54,x,x,29,306,111,93,102,31,9,14,8,44,6,14,24,43,16,15,12,24,11,6,7,26,13,7,6,31,18,x,x,x,0,0,x,0,0,0,0,x,0,x,0,6,x,x,x,11,x,6,x,16,x,9,x,126,25,37,64,x,x,x,0,x,x,0,0,8,x,x,x,37,21,8,8,8,x,x,x,44,6,14,24,328,114,106,108,23,x,x,14,8,x,x,6,29,x,x,10,81,50,31,24,18,6
167,E06000026,LA,879,Plymouth,189,68,71,50,x,0,0,x,36,x,17,x,56,21,17,18,19,x,x,8,68,24,28,16,0,0,0,0,x,x,x,x,172,60,67,45,8,x,x,x,9,x,x,x,17,10,x,x,x,x,x,x,x,x,x,x,14,x,7,0,0,0,0,0,0,0,0,0,x,x,0,0,0,0,0,0,0,0,0,0,20,13,x,x,77,11,35,31,0,0,0,0,0,0,0,0,x,0,0,x,24,x,12,x,16,8,x,x,9,x,x,x,180,x,x,x,0,0,0,0,0,0,0,0,9,x,x,x,43,15,28,23,11,12
172,E06000027,LA,880,Torbay,94,35,28,31,x,x,x,0,12,8,x,x,26,7,7,12,21,x,x,9,29,11,10,8,0,0,0,0,x,x,x,0,89,31,27,31,x,x,0,0,x,x,x,0,18,x,x,7,x,x,0,0,6,x,x,x,x,x,x,x,0,0,0,0,0,0,0,0,0,0,0,0,0,0,0,0,0,0,0,0,x,x,0,0,43,13,13,17,0,0,0,0,0,0,0,0,0,0,0,0,10,6,x,x,7,0,x,x,x,x,x,0,83,29,x,x,0,0,0,0,0,0,0,0,11,6,x,x,20,11,9,7,x,x
90,E10000012,LA,881,Essex,615,216,214,185,29,9,11,9,110,61,31,18,161,47,58,56,57,17,23,17,173,59,61,53,46,13,15,18,39,10,15,14,492,174,173,145,64,25,21,18,34,9,13,12,73,24,33,16,28,12,10,6,56,35,14,7,23,x,10,x,x,x,0,x,x,x,0,x,20,x,x,10,20,x,x,8,22,9,7,6,31,19,x,x,190,39,65,86,x,x,x,x,x,x,0,0,27,8,11,8,55,33,x,x,25,6,9,10,34,9,13,12,558,198,195,165,0,0,0,0,x,x,x,x,x,x,x,x,155,85,70,48,31,17
95,E06000033,LA,882,Southend-on-Sea,87,32,38,17,8,x,x,x,15,9,6,0,22,8,8,6,8,x,6,x,20,9,x,x,6,x,x,x,8,x,x,x,72,26,32,14,7,x,x,x,x,x,x,x,6,x,x,x,x,0,x,0,14,8,x,x,0,0,0,0,x,x,0,0,x,0,x,0,0,0,0,0,0,0,0,0,x,x,0,x,x,x,x,0,27,7,13,7,0,0,0,0,0,0,0,0,x,x,x,x,17,x,7,x,0,0,0,0,x,x,x,x,77,x,x,x,0,0,0,0,0,0,0,0,10,x,x,x,31,13,18,14,7,7
97,E06000034,LA,883,Thurrock,133,52,44,37,x,x,x,x,33,17,x,x,40,16,12,12,11,x,6,x,28,13,7,8,10,x,x,x,x,x,x,x,122,47,42,33,x,x,0,x,x,x,x,x,14,x,7,x,13,x,7,x,10,x,x,0,x,x,0,0,0,0,0,0,0,0,0,0,x,0,0,x,x,x,x,x,x,0,0,x,x,x,x,0,68,26,21,21,0,0,0,0,0,0,0,0,x,x,0,x,x,x,x,x,x,x,x,x,x,x,x,x,126,x,x,x,x,x,x,x,x,0,0,x,x,x,x,0,34,16,18,x,x,x
74,E06000019,LA,884,Herefordshire,96,31,36,29,x,0,x,x,x,x,0,x,19,x,10,x,17,x,x,7,19,x,9,x,17,x,8,x,15,x,x,7,66,23,25,18,13,x,6,x,15,x,x,7,x,x,x,x,x,x,0,x,x,0,0,x,9,6,x,x,0,0,0,0,x,0,x,0,x,0,x,0,x,x,0,0,x,x,x,0,x,x,0,x,37,12,18,7,0,0,0,0,x,0,x,0,x,0,x,x,x,x,0,0,x,x,x,x,15,x,x,7,81,x,x,22,0,0,0,0,0,0,0,0,15,x,x,7,21,8,13,x,x,0
84,E10000034,LA,885,Worcestershire,294,88,101,105,12,x,x,x,43,23,x,x,52,18,16,18,43,11,19,13,62,22,20,20,27,x,x,14,55,6,21,28,211,75,70,66,27,7,10,10,54,x,x,28,30,13,7,10,14,x,6,x,18,x,7,x,x,x,x,x,0,0,0,0,0,0,0,0,x,x,x,0,x,x,0,x,10,x,x,x,13,x,x,x,112,36,37,39,x,x,0,0,0,0,0,0,10,x,x,x,10,6,x,x,11,x,x,x,54,x,x,28,227,79,75,73,x,0,x,x,0,0,0,0,x,9,x,x,54,25,29,7,x,x
143,E10000016,LA,886,Kent,1081,467,312,302,45,17,12,16,206,142,46,18,237,88,80,69,91,27,30,34,224,103,66,55,74,23,24,27,204,67,54,83,823,385,235,203,54,15,22,17,196,64,52,80,145,68,41,36,20,x,9,x,91,43,40,8,77,51,19,7,x,x,0,x,x,x,x,0,26,18,x,x,x,0,x,x,24,8,8,8,9,x,x,x,400,151,116,133,0,0,0,0,x,0,0,x,32,7,13,12,46,38,x,x,6,x,x,x,196,64,52,80,877,400,258,219,85,26,24,35,66,15,16,35,53,26,14,13,164,102,62,31,x,x
144,E06000035,LA,887,Medway,117,35,36,46,x,x,x,x,21,x,9,x,28,8,7,13,21,x,x,8,29,9,9,11,9,x,x,x,x,0,0,x,103,32,33,38,12,x,x,6,x,0,0,x,12,x,6,x,x,x,x,x,13,7,x,x,x,x,x,0,0,0,0,0,0,0,0,0,x,0,x,x,0,0,0,0,x,x,x,0,14,11,x,x,47,6,16,25,0,0,0,0,x,0,0,x,6,x,0,x,7,x,x,x,0,0,0,0,x,0,0,x,x,35,x,x,x,0,x,0,x,0,0,x,0,0,0,0,19,7,12,6,x,x
27,E10000017,LA,888,Lancashire,425,145,143,137,21,x,x,8,66,34,18,14,85,23,34,28,57,15,26,16,117,43,31,43,44,14,16,14,35,x,x,14,357,123,123,111,30,10,8,12,31,11,8,12,61,20,22,19,23,9,7,7,23,10,7,6,20,9,x,x,0,0,0,0,0,0,0,0,19,6,6,7,7,x,x,x,x,0,x,x,x,x,x,0,162,51,54,57,0,0,0,0,x,0,0,x,18,8,x,x,40,14,15,11,11,x,7,x,31,11,8,12,379,129,129,121,0,0,0,0,0,0,0,0,46,16,14,16,89,44,45,29,14,15
18,E06000008,LA,889,Blackburn with Darwen,61,17,15,29,x,0,x,x,16,7,x,x,14,x,x,6,10,x,x,6,10,x,x,x,x,0,x,x,x,0,0,x,57,14,15,28,x,x,0,0,x,0,0,x,14,x,x,x,x,0,0,x,x,x,x,0,x,x,x,0,0,0,0,0,0,0,0,0,x,0,0,x,0,0,0,0,0,0,0,0,0,0,0,0,33,6,9,18,0,0,0,0,0,0,0,0,x,x,0,0,x,x,0,0,0,0,0,0,x,0,0,x,x,17,15,x,0,0,0,0,0,0,0,0,x,0,0,x,7,x,x,x,x,0
19,E06000009,LA,890,Blackpool,125,36,45,44,10,x,x,x,15,7,x,x,43,15,13,15,11,x,x,6,26,x,12,x,11,x,x,x,9,0,x,x,104,34,35,35,11,x,x,x,9,0,x,x,18,x,8,x,6,x,x,x,x,0,x,x,x,x,x,0,0,0,0,0,0,0,0,0,0,0,0,0,x,0,0,x,0,0,0,0,x,x,x,0,56,17,17,22,x,0,0,x,0,0,0,0,11,x,x,x,13,8,x,x,x,x,0,0,9,0,x,x,116,36,x,x,x,0,x,0,0,0,0,0,x,0,x,x,23,15,8,10,x,x
67,E10000024,LA,891,Nottinghamshire,340,122,117,101,11,x,x,x,64,30,x,x,77,27,29,21,62,x,x,25,78,35,25,18,0,0,0,0,48,x,19,x,281,102,97,82,14,7,x,x,45,13,18,14,32,12,13,7,21,x,x,9,43,24,14,x,50,29,13,8,0,0,0,0,0,0,0,0,0,0,0,0,0,0,0,0,0,0,0,0,0,0,0,0,121,24,49,48,0,0,0,0,0,0,0,0,8,x,x,x,0,0,0,0,20,x,x,8,45,13,18,14,287,108,96,83,0,0,0,0,0,0,0,0,53,14,21,18,68,38,30,0,0,0
66,E06000018,LA,892,Nottingham,217,88,73,56,10,x,x,x,26,15,x,x,110,41,38,31,13,x,6,x,27,15,6,6,8,x,x,x,23,7,9,7,175,77,54,44,13,x,7,x,17,x,x,6,15,6,x,x,14,x,7,x,x,0,x,0,18,13,x,x,0,0,0,0,0,0,0,0,0,0,0,0,12,x,6,x,x,x,0,0,x,x,x,x,111,46,33,32,0,0,0,0,0,0,0,0,12,x,7,x,9,x,x,0,x,x,x,0,17,x,x,6,189,79,62,48,7,x,0,x,0,0,0,0,21,x,11,x,34,22,12,8,x,x
76,E06000051,LA,893,Shropshire,103,39,31,33,x,x,x,0,26,x,x,x,33,13,10,10,6,x,x,x,32,11,9,12,0,0,0,0,x,0,x,x,95,38,29,28,x,x,x,x,x,0,x,x,11,x,x,x,x,0,x,x,x,x,x,x,10,x,x,x,0,0,0,0,0,0,0,0,x,0,0,x,0,0,0,0,0,0,0,0,x,x,x,x,51,15,18,18,x,x,x,0,0,0,0,0,x,x,0,x,0,0,0,0,11,11,0,0,x,0,x,x,x,39,x,x,x,0,x,0,x,0,0,x,0,0,0,0,18,x,x,0,0,0
80,E06000020,LA,894,Telford and Wrekin,110,34,44,32,8,x,x,x,20,8,x,x,35,6,17,12,17,x,8,x,22,x,9,x,8,x,x,x,0,0,0,0,102,34,39,29,7,0,x,x,0,0,0,0,14,7,x,x,7,x,x,x,x,x,x,0,8,x,x,x,0,0,0,0,0,0,0,0,x,x,0,0,x,0,x,0,0,0,0,0,x,0,0,x,53,13,20,20,x,0,x,0,0,0,0,0,x,0,x,x,10,x,x,x,x,0,x,0,0,0,0,0,x,34,x,32,x,0,x,0,0,0,0,0,0,0,0,0,19,7,12,7,x,x
22,E06000049,LA,895,Cheshire East,124,40,45,39,12,x,x,x,19,12,x,x,31,11,9,11,22,x,x,10,30,x,16,x,x,x,x,x,x,0,0,x,117,39,43,35,x,0,x,x,x,0,0,x,11,x,x,x,10,x,x,0,11,x,6,x,7,x,0,x,0,0,0,0,0,0,0,0,x,x,0,x,x,x,0,0,x,0,x,0,x,0,x,x,57,18,18,21,x,x,x,0,0,0,0,0,x,0,x,x,11,x,x,0,x,0,0,x,x,0,0,x,x,x,45,x,0,0,0,0,0,0,0,0,x,x,0,x,25,11,14,10,x,x
23,E06000050,LA,896,Cheshire West and Chester,116,46,36,34,x,x,x,x,21,13,x,x,37,16,11,10,10,x,x,x,27,9,9,9,9,x,x,x,x,x,x,0,107,45,32,30,x,0,x,x,x,x,x,0,16,7,x,x,6,x,x,x,x,0,x,0,13,6,x,x,0,0,0,0,0,0,0,0,8,x,x,0,0,0,0,0,0,0,0,0,x,x,x,0,44,9,16,19,0,0,0,0,0,0,0,0,x,0,x,x,12,x,x,0,x,x,0,x,x,x,x,0,x,x,x,34,x,0,x,0,0,0,0,0,x,x,x,0,29,18,11,12,x,x
161,E06000052,LA,908,Cornwall,192,69,55,68,x,x,x,x,43,25,13,x,91,23,27,41,16,x,x,7,18,8,x,x,14,x,x,6,x,0,x,0,186,68,52,66,x,x,x,x,x,0,x,0,24,9,7,8,x,0,x,x,x,x,0,x,x,x,x,x,0,0,0,0,0,0,0,0,x,x,x,x,0,0,0,0,x,0,0,x,8,x,x,x,103,33,27,43,0,0,0,0,x,0,x,0,x,x,x,x,21,12,x,x,11,6,x,x,x,0,x,0,x,69,x,68,0,0,0,0,0,0,0,0,x,0,x,0,48,27,21,16,x,x
24,E10000006,LA,909,Cumbria,169,62,52,55,17,x,x,x,30,17,x,x,41,12,12,17,38,8,15,15,33,14,13,6,10,x,x,x,0,0,0,0,159,60,47,52,10,x,x,x,0,0,0,0,26,x,x,11,13,7,x,x,13,7,x,x,10,x,x,x,0,0,0,0,0,0,0,0,22,x,x,9,0,0,0,0,x,0,x,0,x,x,x,0,62,20,23,19,x,0,0,x,0,0,0,0,x,0,x,x,14,8,x,x,x,x,0,0,0,0,0,0,169,62,52,55,0,0,0,0,0,0,0,0,0,0,0,0,51,31,20,11,x,x
164,E10000013,LA,916,Gloucestershire,234,81,79,74,13,x,7,x,31,15,7,9,65,27,17,21,36,9,14,13,64,22,24,18,13,x,x,x,12,x,x,6,202,73,68,61,18,x,7,x,12,x,x,6,33,16,10,7,10,x,x,x,29,16,x,x,16,x,6,x,0,0,0,0,0,0,0,0,8,x,x,x,x,x,0,x,6,x,x,x,11,x,x,x,78,19,25,34,x,x,0,0,x,0,x,0,x,0,x,x,13,8,x,x,11,x,x,x,12,x,x,6,218,x,73,x,0,0,0,0,0,0,0,0,16,x,x,7,81,44,37,12,x,x
91,E10000015,LA,919,Hertfordshire,490,175,170,145,39,14,15,10,87,47,24,16,135,42,50,43,49,19,15,15,109,34,39,36,38,10,17,11,33,9,10,14,424,154,146,124,30,x,13,x,33,9,10,14,63,24,24,15,38,15,15,8,49,25,16,8,32,19,x,x,x,0,0,x,0,0,0,0,x,x,x,x,x,0,x,x,16,9,x,x,x,0,x,x,170,37,57,76,x,x,0,0,0,0,0,0,14,x,7,x,27,15,x,x,35,15,13,7,33,9,10,14,457,166,160,131,x,0,x,x,x,x,0,0,26,x,x,x,135,73,62,23,14,9
142,E06000046,LA,921,Isle of Wight,94,29,35,30,x,x,x,x,15,8,x,x,22,x,11,x,13,x,x,6,20,x,8,x,x,x,x,x,16,x,x,7,67,22,25,20,11,x,x,x,16,x,x,7,8,x,x,x,x,x,0,x,x,x,x,x,10,6,x,0,0,0,0,0,0,0,0,0,x,x,x,x,0,0,0,0,0,0,0,0,x,x,0,0,33,7,15,11,0,0,0,0,0,0,0,0,x,0,x,0,0,0,0,0,9,x,x,x,16,x,x,7,78,x,x,23,0,0,0,0,0,0,0,0,16,x,x,7,20,10,10,0,0,0
64,E10000019,LA,925,Lincolnshire,187,80,57,50,8,x,x,x,44,30,x,x,50,22,12,16,24,9,7,8,35,12,9,14,15,x,11,x,11,x,x,x,166,73,50,43,9,x,x,x,11,x,x,x,27,11,7,9,14,9,x,x,26,19,x,x,20,9,x,x,0,0,0,0,0,0,0,0,x,x,0,0,x,0,0,x,x,x,0,x,x,x,0,x,53,9,25,19,0,0,0,0,x,x,0,0,x,x,x,x,19,11,x,x,x,x,0,x,11,x,x,x,161,74,49,38,7,x,x,x,8,x,x,x,11,x,x,x,46,25,21,15,x,x
93,E10000020,LA,926,Norfolk,474,137,173,164,28,x,x,13,79,39,27,13,115,28,50,37,72,14,32,26,97,33,30,34,40,10,14,16,43,x,x,25,398,122,149,127,33,10,11,12,43,x,x,25,34,10,16,8,17,x,11,x,28,9,12,7,14,8,x,x,0,0,0,0,0,0,0,0,x,x,x,x,0,0,0,0,9,x,x,x,23,8,9,6,206,50,70,86,x,x,x,0,0,0,0,0,12,x,6,x,48,23,14,11,31,11,14,6,43,x,x,25,431,x,160,x,10,x,x,x,0,0,0,0,33,x,x,x,100,54,46,36,23,13
65,E10000021,LA,928,Northamptonshire,396,144,136,116,10,x,x,x,55,37,9,9,58,x,26,x,15,x,x,x,115,41,52,22,0,0,0,0,143,37,37,69,223,98,83,42,14,x,7,x,143,37,37,69,24,11,x,x,16,9,x,x,35,16,x,x,13,6,x,x,0,0,0,0,0,0,0,0,x,x,0,0,16,x,9,x,0,0,0,0,x,x,x,0,104,40,43,21,0,0,0,0,x,x,0,x,9,x,x,x,24,12,x,x,x,x,x,x,143,37,37,69,253,107,99,47,0,0,0,0,90,15,18,57,53,22,19,12,77,41,36,20,12,8
11,E06000048,LA,929,Northumberland,101,38,23,40,12,x,x,x,17,11,x,x,23,x,x,10,8,x,x,x,31,8,12,11,x,x,x,x,x,0,x,x,89,36,21,32,x,x,x,x,x,0,x,x,25,7,8,10,x,x,x,x,7,x,x,x,x,x,0,x,0,0,0,0,0,0,0,0,8,0,x,x,x,0,0,x,0,0,0,0,0,0,0,0,31,13,9,9,0,0,0,0,0,0,0,0,x,x,x,x,11,9,x,x,x,x,0,0,x,0,x,x,x,38,x,x,0,0,0,0,0,0,0,0,x,0,x,x,27,18,9,10,x,x
146,E10000025,LA,931,Oxfordshire,230,81,69,80,6,x,x,x,39,19,x,x,64,18,22,24,35,12,10,13,48,x,x,20,6,x,x,x,32,x,x,13,186,72,53,61,12,x,x,6,31,7,11,13,28,9,8,11,15,6,x,x,24,15,x,x,x,x,x,0,x,x,0,0,0,0,0,0,x,x,0,0,0,0,0,0,x,0,x,0,33,16,x,x,62,11,20,31,x,0,0,x,0,0,0,0,x,0,0,x,19,11,x,x,9,x,x,x,31,7,11,13,198,73,58,67,x,0,0,x,24,x,x,x,x,x,x,x,38,26,12,13,x,x
169,E10000027,LA,933,Somerset,220,54,83,83,x,0,x,0,38,15,x,x,74,13,30,31,40,8,17,15,37,11,12,14,23,x,x,11,x,0,x,x,203,53,75,75,8,x,x,x,6,0,x,x,28,6,10,12,19,x,10,x,33,7,14,12,x,x,0,0,0,0,0,0,0,0,0,0,x,x,x,x,x,0,x,0,x,0,0,x,0,0,0,0,99,23,32,44,0,0,0,0,0,0,0,0,x,0,x,x,15,7,x,x,x,x,x,x,6,0,x,x,214,54,x,x,x,0,x,x,x,0,x,0,0,0,0,0,40,19,21,13,7,6
96,E10000029,LA,935,Suffolk,253,90,77,86,11,x,x,x,57,32,13,12,64,19,17,28,40,8,16,16,52,18,15,19,16,x,7,x,13,x,x,x,213,77,66,70,27,8,7,12,13,x,x,x,28,11,9,8,14,x,x,6,24,13,x,x,20,x,x,8,0,0,0,0,0,0,0,0,x,0,0,x,0,0,0,0,x,x,x,0,16,7,x,x,85,26,32,27,x,0,x,x,6,x,x,x,12,x,x,6,14,11,x,x,14,x,x,9,13,x,x,x,240,x,x,x,x,0,x,0,x,x,0,x,x,x,x,x,39,25,14,12,x,x
151,E10000030,LA,936,Surrey,380,131,122,127,15,x,8,x,108,51,30,27,100,36,33,31,46,10,15,21,74,24,24,26,9,x,x,x,28,x,x,14,317,116,103,98,33,10,8,15,0,0,0,0,26,12,x,x,27,6,12,9,81,40,26,15,15,11,x,0,x,x,0,x,0,0,0,0,x,x,0,x,26,x,x,11,7,x,x,x,x,x,0,x,99,15,39,45,0,0,0,0,x,0,x,x,11,x,x,x,55,26,16,13,16,x,x,7,0,0,0,0,329,121,108,100,x,x,x,x,x,x,0,x,24,x,x,16,111,58,53,38,23,15
82,E10000031,LA,937,Warwickshire,296,103,88,105,18,x,8,x,52,32,13,7,72,17,29,26,9,x,x,x,89,39,24,26,13,x,x,6,43,x,x,32,220,85,69,66,27,9,11,7,43,x,x,32,37,20,x,x,9,x,x,x,13,8,x,x,x,x,x,0,0,0,0,0,0,0,0,0,0,0,0,0,x,x,x,0,7,x,x,x,9,6,x,x,122,38,37,47,0,0,0,0,0,0,0,0,9,x,x,x,14,x,x,x,22,8,6,8,43,x,x,32,252,x,82,x,9,0,x,x,6,0,x,x,29,x,x,20,60,31,29,8,x,x
153,E10000032,LA,938,West Sussex,321,117,109,95,24,x,x,8,92,42,30,20,87,30,26,31,39,9,17,13,57,22,21,14,15,x,x,x,7,x,x,x,290,102,98,90,20,13,x,x,x,x,x,x,48,12,17,19,38,11,16,11,22,13,x,x,29,14,x,x,x,0,x,0,x,x,x,0,13,x,x,x,x,0,x,x,x,0,x,0,26,7,10,9,80,20,27,33,x,x,x,0,0,0,0,0,7,x,x,x,32,23,x,x,9,x,x,x,x,x,x,x,309,x,102,x,x,0,x,0,x,x,x,x,6,x,x,x,71,42,29,28,22,6
